{
  "results": {
    "onBrand": {
      "acc,none": 0.30149253731343284,
      "acc_stderr,none": 0.0778022732459461,
      "acc_norm,none": 0.29973341476203197,
      "acc_norm_stderr,none": 0.00019345678318926398,
      "alias": "onBrand"
    },
    "medmcqa": {
      "acc,none": 0.30647860387281856,
      "acc_stderr,none": 0.00712915403234341,
      "acc_norm,none": 0.30647860387281856,
      "acc_norm_stderr,none": 0.00712915403234341,
      "alias": " - medmcqa"
    },
    "medqa_4options": {
      "acc,none": 0.2717989002356638,
      "acc_stderr,none": 0.012474006245515926,
      "acc_norm,none": 0.2717989002356638,
      "acc_norm_stderr,none": 0.012474006245515926,
      "alias": " - medqa_4options"
    },
    "onBrand_mmlu_anatomy": {
      "alias": " - anatomy (mmlu)",
      "acc,none": 0.18518518518518517,
      "acc_stderr,none": 0.03355677216313142
    },
    "onBrand_mmlu_clinical_knowledge": {
      "alias": " - clinical_knowledge (mmlu)",
      "acc,none": 0.21509433962264152,
      "acc_stderr,none": 0.025288394502891377
    },
    "onBrand_mmlu_college_biology": {
      "alias": " - college_biology (mmlu)",
      "acc,none": 0.2569444444444444,
      "acc_stderr,none": 0.03653946969442099
    },
    "onBrand_mmlu_college_medicine": {
      "alias": " - college_medicine (mmlu)",
      "acc,none": 0.20809248554913296,
      "acc_stderr,none": 0.030952890217749884
    },
    "onBrand_mmlu_medical_genetics": {
      "alias": " - medical_genetics (mmlu)",
      "acc,none": 0.3,
      "acc_stderr,none": 0.046056618647183814
    },
    "onBrand_mmlu_professional_medicine": {
      "alias": " - professional_medicine (mmlu)",
      "acc,none": 0.18382352941176472,
      "acc_stderr,none": 0.02352924218519311
    },
    "pubmedqa": {
      "acc,none": 0.59,
      "acc_stderr,none": 0.02201748257812774,
      "alias": " - pubmedqa"
    },
    "usmle_sa_step1": {
      "acc,none": 0.20212765957446807,
      "acc_stderr,none": 0.04164262559887298,
      "alias": " - usmle_sa_step1"
    },
    "usmle_sa_step2": {
      "acc,none": 0.1743119266055046,
      "acc_stderr,none": 0.03650561586028542,
      "alias": " - usmle_sa_step2"
    },
    "usmle_sa_step3": {
      "acc,none": 0.21311475409836064,
      "acc_stderr,none": 0.037228005951704335,
      "alias": " - usmle_sa_step3"
    }
  },
  "groups": {
    "onBrand": {
      "acc,none": 0.30149253731343284,
      "acc_stderr,none": 0.0778022732459461,
      "acc_norm,none": 0.29973341476203197,
      "acc_norm_stderr,none": 0.00019345678318926398,
      "alias": "onBrand"
    }
  },
  "configs": {
    "medmcqa": {
      "task": "medmcqa",
      "dataset_path": "medmcqa",
      "training_split": "train",
      "validation_split": "validation",
      "test_split": "validation",
      "doc_to_text": "<function doc_to_text at 0x7f6222922f70>",
      "doc_to_target": "cop",
      "doc_to_choice": [
        "A",
        "B",
        "C",
        "D"
      ],
      "description": "",
      "target_delimiter": " ",
      "fewshot_delimiter": "\n\n",
      "metric_list": [
        {
          "metric": "acc",
          "aggregation": "mean",
          "higher_is_better": true
        },
        {
          "metric": "acc_norm",
          "aggregation": "mean",
          "higher_is_better": true
        }
      ],
      "output_type": "multiple_choice",
      "repeats": 1,
      "should_decontaminate": true,
      "doc_to_decontamination_query": "{{question}}",
      "keyword_replace": "brand_to_generic"
    },
    "medqa_4options": {
      "task": "medqa_4options",
      "dataset_path": "GBaker/MedQA-USMLE-4-options-hf",
      "training_split": "train",
      "validation_split": "validation",
      "test_split": "test",
      "doc_to_text": "<function doc_to_text at 0x7f62245f1310>",
      "doc_to_target": "<function doc_to_target at 0x7f62245f1430>",
      "doc_to_choice": [
        "A",
        "B",
        "C",
        "D"
      ],
      "description": "",
      "target_delimiter": " ",
      "fewshot_delimiter": "\n\n",
      "metric_list": [
        {
          "metric": "acc",
          "aggregation": "mean",
          "higher_is_better": true
        },
        {
          "metric": "acc_norm",
          "aggregation": "mean",
          "higher_is_better": true
        }
      ],
      "output_type": "multiple_choice",
      "repeats": 1,
      "should_decontaminate": false,
      "keyword_replace": "brand_to_generic"
    },
    "onBrand_mmlu_anatomy": {
      "task": "onBrand_mmlu_anatomy",
      "task_alias": "anatomy (mmlu)",
      "group": "onBrand",
      "dataset_path": "hails/mmlu_no_train",
      "dataset_name": "anatomy",
      "test_split": "test",
      "fewshot_split": "dev",
      "doc_to_text": "<function process_mmlu at 0x7f62229ea9d0>",
      "doc_to_target": "answer",
      "doc_to_choice": [
        "A",
        "B",
        "C",
        "D"
      ],
      "description": "The following are multiple choice questions (with answers) about anatomy.\n\n",
      "target_delimiter": " ",
      "fewshot_delimiter": "\n\n",
      "fewshot_config": {
        "sampler": "first_n"
      },
      "metric_list": [
        {
          "metric": "acc",
          "aggregation": "mean",
          "higher_is_better": true
        }
      ],
      "output_type": "multiple_choice",
      "repeats": 1,
      "should_decontaminate": false,
      "keyword_replace": "brand_to_generic",
      "metadata": {
        "version": 0.0
      }
    },
    "onBrand_mmlu_clinical_knowledge": {
      "task": "onBrand_mmlu_clinical_knowledge",
      "task_alias": "clinical_knowledge (mmlu)",
      "group": "onBrand",
      "dataset_path": "hails/mmlu_no_train",
      "dataset_name": "clinical_knowledge",
      "test_split": "test",
      "fewshot_split": "dev",
      "doc_to_text": "<function process_mmlu at 0x7f6222a471f0>",
      "doc_to_target": "answer",
      "doc_to_choice": [
        "A",
        "B",
        "C",
        "D"
      ],
      "description": "The following are multiple choice questions (with answers) about clinical knowledge.\n\n",
      "target_delimiter": " ",
      "fewshot_delimiter": "\n\n",
      "fewshot_config": {
        "sampler": "first_n"
      },
      "metric_list": [
        {
          "metric": "acc",
          "aggregation": "mean",
          "higher_is_better": true
        }
      ],
      "output_type": "multiple_choice",
      "repeats": 1,
      "should_decontaminate": false,
      "keyword_replace": "brand_to_generic",
      "metadata": {
        "version": 0.0
      }
    },
    "onBrand_mmlu_college_biology": {
      "task": "onBrand_mmlu_college_biology",
      "task_alias": "college_biology (mmlu)",
      "group": "onBrand",
      "dataset_path": "hails/mmlu_no_train",
      "dataset_name": "college_biology",
      "test_split": "test",
      "fewshot_split": "dev",
      "doc_to_text": "<function process_mmlu at 0x7f62229e4ca0>",
      "doc_to_target": "answer",
      "doc_to_choice": [
        "A",
        "B",
        "C",
        "D"
      ],
      "description": "The following are multiple choice questions (with answers) about college biology.\n\n",
      "target_delimiter": " ",
      "fewshot_delimiter": "\n\n",
      "fewshot_config": {
        "sampler": "first_n"
      },
      "metric_list": [
        {
          "metric": "acc",
          "aggregation": "mean",
          "higher_is_better": true
        }
      ],
      "output_type": "multiple_choice",
      "repeats": 1,
      "should_decontaminate": false,
      "keyword_replace": "brand_to_generic",
      "metadata": {
        "version": 0.0
      }
    },
    "onBrand_mmlu_college_medicine": {
      "task": "onBrand_mmlu_college_medicine",
      "task_alias": "college_medicine (mmlu)",
      "group": "onBrand",
      "dataset_path": "hails/mmlu_no_train",
      "dataset_name": "college_medicine",
      "test_split": "test",
      "fewshot_split": "dev",