{
  "results": {
    "onBrand": {
      "acc,none": 0.24898236092265946,
      "acc_stderr,none": 0.084080896986085,
      "acc_norm,none": 0.224392448827487,
      "acc_norm_stderr,none": 0.00019657145352097846,
      "alias": "onBrand"
    },
    "medmcqa": {
      "acc,none": 0.21730815204398757,
      "acc_stderr,none": 0.006377366855555032,
      "acc_norm,none": 0.21730815204398757,
      "acc_norm_stderr,none": 0.006377366855555032,
      "alias": " - medmcqa"
    },
    "medqa_4options": {
      "acc,none": 0.2537313432835821,
      "acc_stderr,none": 0.012200878561490571,
      "acc_norm,none": 0.2537313432835821,
      "acc_norm_stderr,none": 0.012200878561490571,
      "alias": " - medqa_4options"
    },
    "onBrand_mmlu_anatomy": {
      "alias": " - anatomy (mmlu)",
      "acc,none": 0.3333333333333333,
      "acc_stderr,none": 0.04072314811876837
    },
    "onBrand_mmlu_clinical_knowledge": {
      "alias": " - clinical_knowledge (mmlu)",
      "acc,none": 0.2188679245283019,
      "acc_stderr,none": 0.02544786382510861
    },
    "onBrand_mmlu_college_biology": {
      "alias": " - college_biology (mmlu)",
      "acc,none": 0.2569444444444444,
      "acc_stderr,none": 0.03653946969442099
    },
    "onBrand_mmlu_college_medicine": {
      "alias": " - college_medicine (mmlu)",
      "acc,none": 0.24855491329479767,
      "acc_stderr,none": 0.03295304696818318
    },
    "onBrand_mmlu_medical_genetics": {
      "alias": " - medical_genetics (mmlu)",
      "acc,none": 0.27,
      "acc_stderr,none": 0.04461960433384741
    },
    "onBrand_mmlu_professional_medicine": {
      "alias": " - professional_medicine (mmlu)",
      "acc,none": 0.16544117647058823,
      "acc_stderr,none": 0.02257177102549476
    },
    "pubmedqa": {
      "acc,none": 0.57,
      "acc_stderr,none": 0.02216263442665284,
      "alias": " - pubmedqa"
    },
    "usmle_sa_step1": {
      "acc,none": 0.19148936170212766,
      "acc_stderr,none": 0.04080127370679987,
      "alias": " - usmle_sa_step1"
    },
    "usmle_sa_step2": {
      "acc,none": 0.1834862385321101,
      "acc_stderr,none": 0.03724531275523972,
      "alias": " - usmle_sa_step2"
    },
    "usmle_sa_step3": {
      "acc,none": 0.20491803278688525,
      "acc_stderr,none": 0.0366947011989423,
      "alias": " - usmle_sa_step3"
    }
  },
  "groups": {
    "onBrand": {
      "acc,none": 0.24898236092265946,
      "acc_stderr,none": 0.084080896986085,
      "acc_norm,none": 0.224392448827487,
      "acc_norm_stderr,none": 0.00019657145352097846,
      "alias": "onBrand"
    }
  },
  "configs": {
    "medmcqa": {
      "task": "medmcqa",
      "dataset_path": "medmcqa",
      "training_split": "train",
      "validation_split": "validation",
      "test_split": "validation",
      "doc_to_text": "<function doc_to_text at 0x7f4be1583f70>",
      "doc_to_target": "cop",
      "doc_to_choice": [
        "A",
        "B",
        "C",
        "D"
      ],
      "description": "",
      "target_delimiter": " ",
      "fewshot_delimiter": "\n\n",
      "metric_list": [
        {
          "metric": "acc",
          "aggregation": "mean",
          "higher_is_better": true
        },
        {
          "metric": "acc_norm",
          "aggregation": "mean",
          "higher_is_better": true
        }
      ],
      "output_type": "multiple_choice",
      "repeats": 1,
      "should_decontaminate": true,
      "doc_to_decontamination_query": "{{question}}",
      "keyword_replace": "none"
    },
    "medqa_4options": {
      "task": "medqa_4options",
      "dataset_path": "GBaker/MedQA-USMLE-4-options-hf",
      "training_split": "train",
      "validation_split": "validation",
      "test_split": "test",
      "doc_to_text": "<function doc_to_text at 0x7f4bec1b3310>",
      "doc_to_target": "<function doc_to_target at 0x7f4bec1b3430>",
      "doc_to_choice": [
        "A",
        "B",
        "C",
        "D"
      ],
      "description": "",
      "target_delimiter": " ",
      "fewshot_delimiter": "\n\n",
      "metric_list": [
        {
          "metric": "acc",
          "aggregation": "mean",
          "higher_is_better": true
        },
        {
          "metric": "acc_norm",
          "aggregation": "mean",
          "higher_is_better": true
        }
      ],
      "output_type": "multiple_choice",
      "repeats": 1,
      "should_decontaminate": false,
      "keyword_replace": "none"
    },
    "onBrand_mmlu_anatomy": {
      "task": "onBrand_mmlu_anatomy",
      "task_alias": "anatomy (mmlu)",
      "group": "onBrand",
      "dataset_path": "hails/mmlu_no_train",
      "dataset_name": "anatomy",
      "test_split": "test",
      "fewshot_split": "dev",
      "doc_to_text": "<function process_mmlu at 0x7f4be16519d0>",
      "doc_to_target": "answer",
      "doc_to_choice": [
        "A",
        "B",
        "C",
        "D"
      ],
      "description": "The following are multiple choice questions (with answers) about anatomy.\n\n",
      "target_delimiter": " ",
      "fewshot_delimiter": "\n\n",
      "fewshot_config": {
        "sampler": "first_n"
      },
      "metric_list": [
        {
          "metric": "acc",
          "aggregation": "mean",
          "higher_is_better": true
        }
      ],
      "output_type": "multiple_choice",
      "repeats": 1,
      "should_decontaminate": false,
      "keyword_replace": "none",
      "metadata": {
        "version": 0.0
      }
    },
    "onBrand_mmlu_clinical_knowledge": {
      "task": "onBrand_mmlu_clinical_knowledge",
      "task_alias": "clinical_knowledge (mmlu)",
      "group": "onBrand",
      "dataset_path": "hails/mmlu_no_train",
      "dataset_name": "clinical_knowledge",
      "test_split": "test",
      "fewshot_split": "dev",
      "doc_to_text": "<function process_mmlu at 0x7f4be16a91f0>",
      "doc_to_target": "answer",
      "doc_to_choice": [
        "A",
        "B",
        "C",
        "D"
      ],
      "description": "The following are multiple choice questions (with answers) about clinical knowledge.\n\n",
      "target_delimiter": " ",
      "fewshot_delimiter": "\n\n",
      "fewshot_config": {
        "sampler": "first_n"
      },
      "metric_list": [
        {
          "metric": "acc",
          "aggregation": "mean",
          "higher_is_better": true
        }
      ],
      "output_type": "multiple_choice",
      "repeats": 1,
      "should_decontaminate": false,
      "keyword_replace": "none",
      "metadata": {
        "version": 0.0
      }
    },
    "onBrand_mmlu_college_biology": {
      "task": "onBrand_mmlu_college_biology",
      "task_alias": "college_biology (mmlu)",
      "group": "onBrand",
      "dataset_path": "hails/mmlu_no_train",
      "dataset_name": "college_biology",
      "test_split": "test",
      "fewshot_split": "dev",
      "doc_to_text": "<function process_mmlu at 0x7f4be1644ca0>",
      "doc_to_target": "answer",
      "doc_to_choice": [
        "A",
        "B",
        "C",
        "D"
      ],
      "description": "The following are multiple choice questions (with answers) about college biology.\n\n",
      "target_delimiter": " ",
      "fewshot_delimiter": "\n\n",
      "fewshot_config": {
        "sampler": "first_n"
      },
      "metric_list": [
        {
          "metric": "acc",
          "aggregation": "mean",
          "higher_is_better": true
        }
      ],
      "output_type": "multiple_choice",
      "repeats": 1,
      "should_decontaminate": false,
      "keyword_replace": "none",
      "metadata": {
        "version": 0.0
      }
    },
    "onBrand_mmlu_college_medicine": {
      "task": "onBrand_mmlu_college_medicine",
      "task_alias": "college_medicine (mmlu)",
      "group": "onBrand",
      "dataset_path": "hails/mmlu_no_train",
      "dataset_name": "college_medicine",
      "test_split": "test",
      "fewshot_split": "dev",
      "doc_to_text": "<function process_mmlu at 0x7f4be16a9a60>",
      "doc_to_target": "answer",