{
  "results": {
    "b4b": {
      "acc,none": 0.8000400320256205,
      "acc_stderr,none": 0.0726579842802315,
      "acc_norm,none": 0.7997100248550124,
      "acc_norm_stderr,none": 0.005354454917175903,
      "alias": "b4b"
    },
    "b4bqa": {
      "acc,none": 0.9034598214285714,
      "acc_stderr,none": 0.00697847742136544,
      "acc_norm,none": 0.9034598214285714,
      "acc_norm_stderr,none": 0.00697847742136544,
      "alias": " - b4bqa"
    },
    "medmcqa_b2g": {
      "acc,none": 0.7658730158730159,
      "acc_stderr,none": 0.018880788485078303,
      "acc_norm,none": 0.7658730158730159,
      "acc_norm_stderr,none": 0.018880788485078303,
      "alias": " - medmcqa_b2g"
    },
    "medmcqa_g2b": {
      "acc,none": 0.6488095238095238,
      "acc_stderr,none": 0.021283643727175398,
      "acc_norm,none": 0.6488095238095238,
      "acc_norm_stderr,none": 0.021283643727175398,
      "alias": " - medmcqa_g2b"
    },
    "medmcqa_orig_filtered": {
      "acc,none": 0.7718253968253969,
      "acc_stderr,none": 0.018711525330667982,
      "acc_norm,none": 0.7718253968253969,
      "acc_norm_stderr,none": 0.018711525330667982,
      "alias": " - medmcqa_orig_filtered"
    },
    "medqa_4options_b2g": {
      "acc,none": 0.7598425196850394,
      "acc_stderr,none": 0.01897168371457669,
      "acc_norm,none": 0.7598425196850394,
      "acc_norm_stderr,none": 0.01897168371457669,
      "alias": " - medqa_4options_b2g"
    },
    "medqa_4options_g2b": {
      "acc,none": 0.7244094488188977,
      "acc_stderr,none": 0.01984358954218545,
      "acc_norm,none": 0.7244094488188977,
      "acc_norm_stderr,none": 0.01984358954218545,
      "alias": " - medqa_4options_g2b"
    },
    "medqa_4options_orig_filtered": {
      "acc,none": 0.7598425196850394,
      "acc_stderr,none": 0.01897168371457669,
      "acc_norm,none": 0.7598425196850394,
      "acc_norm_stderr,none": 0.01897168371457669,
      "alias": " - medqa_4options_orig_filtered"
    },
    "mmlu_professional_medicine_b2g": {
      "acc,none": 0.8214285714285714,
      "acc_stderr,none": 0.051642771820087224,
      "alias": " - mmlu_professional_medicine_b2g"
    },
    "mmlu_professional_medicine_g2b": {
      "acc,none": 0.7857142857142857,
      "acc_stderr,none": 0.055328333517248834,
      "alias": " - mmlu_professional_medicine_g2b"
    },
    "mmlu_professional_medicine_orig_filtered": {
      "acc,none": 0.8214285714285714,
      "acc_stderr,none": 0.051642771820087224,
      "alias": " - mmlu_professional_medicine_orig_filtered"
    }
  },
  "groups": {
    "b4b": {
      "acc,none": 0.8000400320256205,
      "acc_stderr,none": 0.0726579842802315,
      "acc_norm,none": 0.7997100248550124,
      "acc_norm_stderr,none": 0.005354454917175903,
      "alias": "b4b"
    }
  },
  "configs": {
    "b4bqa": {
      "task": "b4bqa",
      "dataset_path": "AIM-Harvard/b4b_drug_qa",
      "test_split": "test",
      "doc_to_text": "<function process_cd at 0x7f97dac4b0a0>",
      "doc_to_target": "correct_choice",
      "doc_to_choice": [
        "A",
        "B",
        "C",
        "D"
      ],
      "description": "",
      "target_delimiter": " ",
      "fewshot_delimiter": "\n\n",
      "metric_list": [
        {
          "metric": "acc",
          "aggregation": "mean",
          "higher_is_better": true
        },
        {
          "metric": "acc_norm",
          "aggregation": "mean",
          "higher_is_better": true
        }
      ],
      "output_type": "multiple_choice",
      "repeats": 1,
      "should_decontaminate": false
    },
    "medmcqa_b2g": {
      "task": "medmcqa_b2g",
      "dataset_path": "AIM-Harvard/medmcqa_brand_to_generic",
      "training_split": "train",
      "validation_split": "validation",
      "test_split": "validation",
      "doc_to_text": "<function doc_to_text at 0x7f97d91063b0>",
      "doc_to_target": "cop",
      "doc_to_choice": [
        "A",
        "B",
        "C",
        "D"
      ],
      "description": "",
      "target_delimiter": " ",
      "fewshot_delimiter": "\n\n",
      "metric_list": [
        {
          "metric": "acc",
          "aggregation": "mean",
          "higher_is_better": true
        },
        {
          "metric": "acc_norm",
          "aggregation": "mean",
          "higher_is_better": true
        }
      ],
      "output_type": "multiple_choice",
      "repeats": 1,
      "should_decontaminate": true,
      "doc_to_decontamination_query": "{{question}}"
    },
    "medmcqa_g2b": {
      "task": "medmcqa_g2b",
      "dataset_path": "AIM-Harvard/medmcqa_generic_to_brand",
      "training_split": "train",
      "validation_split": "validation",
      "test_split": "validation",
      "doc_to_text": "<function doc_to_text at 0x7f97d9106560>",
      "doc_to_target": "cop",
      "doc_to_choice": [
        "A",
        "B",
        "C",
        "D"
      ],
      "description": "",
      "target_delimiter": " ",
      "fewshot_delimiter": "\n\n",
      "metric_list": [
        {
          "metric": "acc",
          "aggregation": "mean",
          "higher_is_better": true
        },
        {
          "metric": "acc_norm",
          "aggregation": "mean",
          "higher_is_better": true
        }
      ],
      "output_type": "multiple_choice",
      "repeats": 1,
      "should_decontaminate": true,
      "doc_to_decontamination_query": "{{question}}"
    },
    "medmcqa_orig_filtered": {
      "task": "medmcqa_orig_filtered",
      "dataset_path": "AIM-Harvard/medmcqa_original",
      "training_split": "train",
      "validation_split": "validation",
      "test_split": "validation",
      "doc_to_text": "<function doc_to_text at 0x7f97d9106710>",
      "doc_to_target": "cop",
      "doc_to_choice": [
        "A",
        "B",
        "C",
        "D"
      ],
      "description": "",
      "target_delimiter": " ",
      "fewshot_delimiter": "\n\n",
      "metric_list": [
        {
          "metric": "acc",
          "aggregation": "mean",
          "higher_is_better": true
        },
        {
          "metric": "acc_norm",
          "aggregation": "mean",
          "higher_is_better": true
        }
      ],
      "output_type": "multiple_choice",
      "repeats": 1,
      "should_decontaminate": true,
      "doc_to_decontamination_query": "{{question}}"
    },
    "medqa_4options_b2g": {
      "task": "medqa_4options_b2g",
      "dataset_path": "AIM-Harvard/gbaker_medqa_usmle_4_options_hf_brand_to_generic",
      "training_split": "train",
      "validation_split": "validation",
      "test_split": "test",
      "doc_to_text": "<function doc_to_text at 0x7f97d8f311b0>",
      "doc_to_target": "<function doc_to_target at 0x7f97d8f31510>",
      "doc_to_choice": [
        "A",
        "B",
        "C",
        "D"
      ],
      "description": "",
      "target_delimiter": " ",
      "fewshot_delimiter": "\n\n",
      "metric_list": [
        {
          "metric": "acc",
          "aggregation": "mean",
          "higher_is_better": true
        },
        {
          "metric": "acc_norm",
          "aggregation": "mean",
          "higher_is_better": true
        }
      ],
      "output_type": "multiple_choice",
      "repeats": 1,
      "should_decontaminate": false
    },
    "medqa_4options_g2b": {
      "task": "medqa_4options_g2b",
      "dataset_path": "AIM-Harvard/gbaker_medqa_usmle_4_options_hf_generic_to_brand",
      "training_split": "train",
      "validation_split": "validation",
      "test_split": "test",
      "doc_to_text": "<function doc_to_text at 0x7f97d8f31750>",
      "doc_to_target": "<function doc_to_target at 0x7f97d8f31ab0>",
      "doc_to_choice": [
        "A",
        "B",
        "C",
        "D"
      ],
      "description": "",
      "target_delimiter": " ",
      "fewshot_delimiter": "\n\n",
      "metric_list": [
        {
          "metric": "acc",
          "aggregation": "mean",
          "higher_is_better": true
        },
        {
          "metric": "acc_norm",