{
  "results": {
    "b4b": {
      "acc,none": 0.6076861489191353,
      "acc_stderr,none": 0.11578964997694995,
      "acc_norm,none": 0.6114333057166529,
      "acc_norm_stderr,none": 0.013310268784265942,
      "alias": "b4b"
    },
    "b4bqa": {
      "acc,none": 0.7862723214285714,
      "acc_stderr,none": 0.009686549124354007,
      "acc_norm,none": 0.7862723214285714,
      "acc_norm_stderr,none": 0.009686549124354007,
      "alias": " - b4bqa"
    },
    "medmcqa_b2g": {
      "acc,none": 0.5456349206349206,
      "acc_stderr,none": 0.02220084778075347,
      "acc_norm,none": 0.5456349206349206,
      "acc_norm_stderr,none": 0.02220084778075347,
      "alias": " - medmcqa_b2g"
    },
    "medmcqa_g2b": {
      "acc,none": 0.45634920634920634,
      "acc_stderr,none": 0.022208778386099828,
      "acc_norm,none": 0.45634920634920634,
      "acc_norm_stderr,none": 0.022208778386099828,
      "alias": " - medmcqa_g2b"
    },
    "medmcqa_orig_filtered": {
      "acc,none": 0.5436507936507936,
      "acc_stderr,none": 0.022208778386099828,
      "acc_norm,none": 0.5436507936507936,
      "acc_norm_stderr,none": 0.022208778386099828,
      "alias": " - medmcqa_orig_filtered"
    },
    "medqa_4options_b2g": {
      "acc,none": 0.5137795275590551,
      "acc_stderr,none": 0.022197345320790814,
      "acc_norm,none": 0.5137795275590551,
      "acc_norm_stderr,none": 0.022197345320790814,
      "alias": " - medqa_4options_b2g"
    },
    "medqa_4options_g2b": {
      "acc,none": 0.47244094488188976,
      "acc_stderr,none": 0.022172023280100768,
      "acc_norm,none": 0.47244094488188976,
      "acc_norm_stderr,none": 0.022172023280100768,
      "alias": " - medqa_4options_g2b"
    },
    "medqa_4options_orig_filtered": {
      "acc,none": 0.5177165354330708,
      "acc_stderr,none": 0.022191835500120265,
      "acc_norm,none": 0.5177165354330708,
      "acc_norm_stderr,none": 0.022191835500120265,
      "alias": " - medqa_4options_orig_filtered"
    },
    "mmlu_professional_medicine_b2g": {
      "acc,none": 0.5,
      "acc_stderr,none": 0.06741998624632421,
      "alias": " - mmlu_professional_medicine_b2g"
    },
    "mmlu_professional_medicine_g2b": {
      "acc,none": 0.5,
      "acc_stderr,none": 0.06741998624632421,
      "alias": " - mmlu_professional_medicine_g2b"
    },
    "mmlu_professional_medicine_orig_filtered": {
      "acc,none": 0.5,
      "acc_stderr,none": 0.06741998624632421,
      "alias": " - mmlu_professional_medicine_orig_filtered"
    }
  },
  "groups": {
    "b4b": {
      "acc,none": 0.6076861489191353,
      "acc_stderr,none": 0.11578964997694995,
      "acc_norm,none": 0.6114333057166529,
      "acc_norm_stderr,none": 0.013310268784265942,
      "alias": "b4b"
    }
  },
  "configs": {
    "b4bqa": {
      "task": "b4bqa",
      "dataset_path": "AIM-Harvard/b4b_drug_qa",
      "test_split": "test",
      "doc_to_text": "<function process_cd at 0x7f44b962f0a0>",
      "doc_to_target": "correct_choice",
      "doc_to_choice": [
        "A",
        "B",
        "C",
        "D"
      ],
      "description": "",
      "target_delimiter": " ",
      "fewshot_delimiter": "\n\n",
      "metric_list": [
        {
          "metric": "acc",
          "aggregation": "mean",
          "higher_is_better": true
        },
        {
          "metric": "acc_norm",
          "aggregation": "mean",
          "higher_is_better": true
        }
      ],
      "output_type": "multiple_choice",
      "repeats": 1,
      "should_decontaminate": false
    },
    "medmcqa_b2g": {
      "task": "medmcqa_b2g",
      "dataset_path": "AIM-Harvard/medmcqa_brand_to_generic",
      "training_split": "train",
      "validation_split": "validation",
      "test_split": "validation",
      "doc_to_text": "<function doc_to_text at 0x7f44b8aea3b0>",
      "doc_to_target": "cop",
      "doc_to_choice": [
        "A",
        "B",
        "C",
        "D"
      ],
      "description": "",
      "target_delimiter": " ",
      "fewshot_delimiter": "\n\n",
      "metric_list": [
        {
          "metric": "acc",
          "aggregation": "mean",
          "higher_is_better": true
        },
        {
          "metric": "acc_norm",
          "aggregation": "mean",
          "higher_is_better": true
        }
      ],
      "output_type": "multiple_choice",
      "repeats": 1,
      "should_decontaminate": true,
      "doc_to_decontamination_query": "{{question}}"
    },
    "medmcqa_g2b": {
      "task": "medmcqa_g2b",
      "dataset_path": "AIM-Harvard/medmcqa_generic_to_brand",
      "training_split": "train",
      "validation_split": "validation",
      "test_split": "validation",
      "doc_to_text": "<function doc_to_text at 0x7f44b8aea560>",
      "doc_to_target": "cop",
      "doc_to_choice": [
        "A",
        "B",
        "C",
        "D"
      ],
      "description": "",
      "target_delimiter": " ",
      "fewshot_delimiter": "\n\n",
      "metric_list": [
        {
          "metric": "acc",
          "aggregation": "mean",
          "higher_is_better": true
        },
        {
          "metric": "acc_norm",
          "aggregation": "mean",
          "higher_is_better": true
        }
      ],
      "output_type": "multiple_choice",
      "repeats": 1,
      "should_decontaminate": true,
      "doc_to_decontamination_query": "{{question}}"
    },
    "medmcqa_orig_filtered": {
      "task": "medmcqa_orig_filtered",
      "dataset_path": "AIM-Harvard/medmcqa_original",
      "training_split": "train",
      "validation_split": "validation",
      "test_split": "validation",
      "doc_to_text": "<function doc_to_text at 0x7f44b8aea710>",
      "doc_to_target": "cop",
      "doc_to_choice": [
        "A",
        "B",
        "C",
        "D"
      ],
      "description": "",
      "target_delimiter": " ",
      "fewshot_delimiter": "\n\n",
      "metric_list": [
        {
          "metric": "acc",
          "aggregation": "mean",
          "higher_is_better": true
        },
        {
          "metric": "acc_norm",
          "aggregation": "mean",
          "higher_is_better": true
        }
      ],
      "output_type": "multiple_choice",
      "repeats": 1,
      "should_decontaminate": true,
      "doc_to_decontamination_query": "{{question}}"
    },
    "medqa_4options_b2g": {
      "task": "medqa_4options_b2g",
      "dataset_path": "AIM-Harvard/gbaker_medqa_usmle_4_options_hf_brand_to_generic",
      "training_split": "train",
      "validation_split": "validation",
      "test_split": "test",
      "doc_to_text": "<function doc_to_text at 0x7f44b8b111b0>",
      "doc_to_target": "<function doc_to_target at 0x7f44b8b11510>",
      "doc_to_choice": [
        "A",
        "B",
        "C",
        "D"
      ],
      "description": "",
      "target_delimiter": " ",
      "fewshot_delimiter": "\n\n",
      "metric_list": [
        {
          "metric": "acc",
          "aggregation": "mean",
          "higher_is_better": true
        },
        {
          "metric": "acc_norm",
          "aggregation": "mean",
          "higher_is_better": true
        }
      ],
      "output_type": "multiple_choice",
      "repeats": 1,
      "should_decontaminate": false
    },
    "medqa_4options_g2b": {
      "task": "medqa_4options_g2b",
      "dataset_path": "AIM-Harvard/gbaker_medqa_usmle_4_options_hf_generic_to_brand",
      "training_split": "train",
      "validation_split": "validation",
      "test_split": "test",
      "doc_to_text": "<function doc_to_text at 0x7f44b8b11750>",
      "doc_to_target": "<function doc_to_target at 0x7f44b8b11ab0>",
      "doc_to_choice": [
        "A",
        "B",
        "C",
        "D"
      ],
      "description": "",
      "target_delimiter": " ",
      "fewshot_delimiter": "\n\n",
      "metric_list": [
        {
          "metric": "acc",
          "aggregation": "mean",
          "higher_is_better": true
        },
        {
          "metric": "acc_norm",
          "aggregation": "mean",