{
  "results": {
    "b4b": {
      "acc,none": 0.42273819055244194,
      "acc_stderr,none": 0.049884246051532244,
      "acc_norm,none": 0.42812758906379456,
      "acc_norm_stderr,none": 0.001608704224010293,
      "alias": "b4b"
    },
    "b4bqa": {
      "acc,none": 0.47488839285714285,
      "acc_stderr,none": 0.01179977682900124,
      "acc_norm,none": 0.47488839285714285,
      "acc_norm_stderr,none": 0.01179977682900124,
      "alias": " - b4bqa"
    },
    "medmcqa_b2g": {
      "acc,none": 0.4246031746031746,
      "acc_stderr,none": 0.02203897319304456,
      "acc_norm,none": 0.4246031746031746,
      "acc_norm_stderr,none": 0.02203897319304456,
      "alias": " - medmcqa_b2g"
    },
    "medmcqa_g2b": {
      "acc,none": 0.3531746031746032,
      "acc_stderr,none": 0.021311021744798757,
      "acc_norm,none": 0.3531746031746032,
      "acc_norm_stderr,none": 0.021311021744798757,
      "alias": " - medmcqa_g2b"
    },
    "medmcqa_orig_filtered": {
      "acc,none": 0.4246031746031746,
      "acc_stderr,none": 0.022038973193044563,
      "acc_norm,none": 0.4246031746031746,
      "acc_norm_stderr,none": 0.022038973193044563,
      "alias": " - medmcqa_orig_filtered"
    },
    "medqa_4options_b2g": {
      "acc,none": 0.41732283464566927,
      "acc_stderr,none": 0.02190009980473925,
      "acc_norm,none": 0.41732283464566927,
      "acc_norm_stderr,none": 0.02190009980473925,
      "alias": " - medqa_4options_b2g"
    },
    "medqa_4options_g2b": {
      "acc,none": 0.36811023622047245,
      "acc_stderr,none": 0.02141931745359468,
      "acc_norm,none": 0.36811023622047245,
      "acc_norm_stderr,none": 0.02141931745359468,
      "alias": " - medqa_4options_g2b"
    },
    "medqa_4options_orig_filtered": {
      "acc,none": 0.4153543307086614,
      "acc_stderr,none": 0.021885262514438345,
      "acc_norm,none": 0.4153543307086614,
      "acc_norm_stderr,none": 0.021885262514438345,
      "alias": " - medqa_4options_orig_filtered"
    },
    "mmlu_professional_medicine_b2g": {
      "acc,none": 0.26785714285714285,
      "acc_stderr,none": 0.05971290310957637,
      "alias": " - mmlu_professional_medicine_b2g"
    },
    "mmlu_professional_medicine_g2b": {
      "acc,none": 0.26785714285714285,
      "acc_stderr,none": 0.05971290310957637,
      "alias": " - mmlu_professional_medicine_g2b"
    },
    "mmlu_professional_medicine_orig_filtered": {
      "acc,none": 0.26785714285714285,
      "acc_stderr,none": 0.05971290310957636,
      "alias": " - mmlu_professional_medicine_orig_filtered"
    }
  },
  "groups": {
    "b4b": {
      "acc,none": 0.42273819055244194,
      "acc_stderr,none": 0.049884246051532244,
      "acc_norm,none": 0.42812758906379456,
      "acc_norm_stderr,none": 0.001608704224010293,
      "alias": "b4b"
    }
  },
  "configs": {
    "b4bqa": {
      "task": "b4bqa",
      "dataset_path": "AIM-Harvard/b4b_drug_qa",
      "test_split": "test",
      "doc_to_text": "<function process_cd at 0x7f24ad4c11f0>",
      "doc_to_target": "correct_choice",
      "doc_to_choice": [
        "A",
        "B",
        "C",
        "D"
      ],
      "description": "",
      "target_delimiter": " ",
      "fewshot_delimiter": "\n\n",
      "metric_list": [
        {
          "metric": "acc",
          "aggregation": "mean",
          "higher_is_better": true
        },
        {
          "metric": "acc_norm",
          "aggregation": "mean",
          "higher_is_better": true
        }
      ],
      "output_type": "multiple_choice",
      "repeats": 1,
      "should_decontaminate": false
    },
    "medmcqa_b2g": {
      "task": "medmcqa_b2g",
      "dataset_path": "AIM-Harvard/medmcqa_brand_to_generic",
      "training_split": "train",
      "validation_split": "validation",
      "test_split": "validation",
      "doc_to_text": "<function doc_to_text at 0x7f24ad461d30>",
      "doc_to_target": "cop",
      "doc_to_choice": [
        "A",
        "B",
        "C",
        "D"
      ],
      "description": "",
      "target_delimiter": " ",
      "fewshot_delimiter": "\n\n",
      "metric_list": [
        {
          "metric": "acc",
          "aggregation": "mean",
          "higher_is_better": true
        },
        {
          "metric": "acc_norm",
          "aggregation": "mean",
          "higher_is_better": true
        }
      ],
      "output_type": "multiple_choice",
      "repeats": 1,
      "should_decontaminate": true,
      "doc_to_decontamination_query": "{{question}}"
    },
    "medmcqa_g2b": {
      "task": "medmcqa_g2b",
      "dataset_path": "AIM-Harvard/medmcqa_generic_to_brand",
      "training_split": "train",
      "validation_split": "validation",
      "test_split": "validation",
      "doc_to_text": "<function doc_to_text at 0x7f24ad81a430>",
      "doc_to_target": "cop",
      "doc_to_choice": [
        "A",
        "B",
        "C",
        "D"
      ],
      "description": "",
      "target_delimiter": " ",
      "fewshot_delimiter": "\n\n",
      "metric_list": [
        {
          "metric": "acc",
          "aggregation": "mean",
          "higher_is_better": true
        },
        {
          "metric": "acc_norm",
          "aggregation": "mean",
          "higher_is_better": true
        }
      ],
      "output_type": "multiple_choice",
      "repeats": 1,
      "should_decontaminate": true,
      "doc_to_decontamination_query": "{{question}}"
    },
    "medmcqa_orig_filtered": {
      "task": "medmcqa_orig_filtered",
      "dataset_path": "AIM-Harvard/medmcqa_original",
      "training_split": "train",
      "validation_split": "validation",
      "test_split": "validation",
      "doc_to_text": "<function doc_to_text at 0x7f24ad2aa5e0>",
      "doc_to_target": "cop",
      "doc_to_choice": [
        "A",
        "B",
        "C",
        "D"
      ],
      "description": "",
      "target_delimiter": " ",
      "fewshot_delimiter": "\n\n",
      "metric_list": [
        {
          "metric": "acc",
          "aggregation": "mean",
          "higher_is_better": true
        },
        {
          "metric": "acc_norm",
          "aggregation": "mean",
          "higher_is_better": true
        }
      ],
      "output_type": "multiple_choice",
      "repeats": 1,
      "should_decontaminate": true,
      "doc_to_decontamination_query": "{{question}}"
    },
    "medqa_4options_b2g": {
      "task": "medqa_4options_b2g",
      "dataset_path": "AIM-Harvard/gbaker_medqa_usmle_4_options_hf_brand_to_generic",
      "training_split": "train",
      "validation_split": "validation",
      "test_split": "test",
      "doc_to_text": "<function doc_to_text at 0x7f24ad2aa820>",
      "doc_to_target": "<function doc_to_target at 0x7f24ad2aab80>",
      "doc_to_choice": [
        "A",
        "B",
        "C",
        "D"
      ],
      "description": "",
      "target_delimiter": " ",
      "fewshot_delimiter": "\n\n",
      "metric_list": [
        {
          "metric": "acc",
          "aggregation": "mean",
          "higher_is_better": true
        },
        {
          "metric": "acc_norm",
          "aggregation": "mean",
          "higher_is_better": true
        }
      ],
      "output_type": "multiple_choice",
      "repeats": 1,
      "should_decontaminate": false
    },
    "medqa_4options_g2b": {
      "task": "medqa_4options_g2b",
      "dataset_path": "AIM-Harvard/gbaker_medqa_usmle_4_options_hf_generic_to_brand",
      "training_split": "train",
      "validation_split": "validation",
      "test_split": "test",
      "doc_to_text": "<function doc_to_text at 0x7f24ad81aaf0>",
      "doc_to_target": "<function doc_to_target at 0x7f24ad81ae50>",
      "doc_to_choice": [
        "A",
        "B",
        "C",
        "D"
      ],
      "description": "",
      "target_delimiter": " ",
      "fewshot_delimiter": "\n\n",
      "metric_list": [
        {
          "metric": "acc",
          "aggregation": "mean",