{
  "results": {
    "b4b": {
      "acc,none": 0.6479183346677342,
      "acc_stderr,none": 0.06683690876449856,
      "acc_norm,none": 0.647887323943662,
      "acc_norm_stderr,none": 0.0044715410553819385,
      "alias": "b4b"
    },
    "b4bqa": {
      "acc,none": 0.69921875,
      "acc_stderr,none": 0.010836377349644846,
      "acc_norm,none": 0.69921875,
      "acc_norm_stderr,none": 0.010836377349644846,
      "alias": " - b4bqa"
    },
    "medmcqa_b2g": {
      "acc,none": 0.7261904761904762,
      "acc_stderr,none": 0.01988225121762031,
      "acc_norm,none": 0.7261904761904762,
      "acc_norm_stderr,none": 0.01988225121762031,
      "alias": " - medmcqa_b2g"
    },
    "medmcqa_g2b": {
      "acc,none": 0.5654761904761905,
      "acc_stderr,none": 0.022101917752795727,
      "acc_norm,none": 0.5654761904761905,
      "acc_norm_stderr,none": 0.022101917752795727,
      "alias": " - medmcqa_g2b"
    },
    "medmcqa_orig_filtered": {
      "acc,none": 0.7281746031746031,
      "acc_stderr,none": 0.01983712759311063,
      "acc_norm,none": 0.7281746031746031,
      "acc_norm_stderr,none": 0.01983712759311063,
      "alias": " - medmcqa_orig_filtered"
    },
    "medqa_4options_b2g": {
      "acc,none": 0.5826771653543307,
      "acc_stderr,none": 0.02190009980473926,
      "acc_norm,none": 0.5826771653543307,
      "acc_norm_stderr,none": 0.02190009980473926,
      "alias": " - medqa_4options_b2g"
    },
    "medqa_4options_g2b": {
      "acc,none": 0.5196850393700787,
      "acc_stderr,none": 0.022188563396746394,
      "acc_norm,none": 0.5196850393700787,
      "acc_norm_stderr,none": 0.022188563396746394,
      "alias": " - medqa_4options_g2b"
    },
    "medqa_4options_orig_filtered": {
      "acc,none": 0.5846456692913385,
      "acc_stderr,none": 0.021885262514438345,
      "acc_norm,none": 0.5846456692913385,
      "acc_norm_stderr,none": 0.021885262514438345,
      "alias": " - medqa_4options_orig_filtered"
    },
    "mmlu_professional_medicine_b2g": {
      "acc,none": 0.6607142857142857,
      "acc_stderr,none": 0.06384226561930825,
      "alias": " - mmlu_professional_medicine_b2g"
    },
    "mmlu_professional_medicine_g2b": {
      "acc,none": 0.625,
      "acc_stderr,none": 0.06527912098338669,
      "alias": " - mmlu_professional_medicine_g2b"
    },
    "mmlu_professional_medicine_orig_filtered": {
      "acc,none": 0.6607142857142857,
      "acc_stderr,none": 0.06384226561930825,
      "alias": " - mmlu_professional_medicine_orig_filtered"
    }
  },
  "groups": {
    "b4b": {
      "acc,none": 0.6479183346677342,
      "acc_stderr,none": 0.06683690876449856,
      "acc_norm,none": 0.647887323943662,
      "acc_norm_stderr,none": 0.0044715410553819385,
      "alias": "b4b"
    }
  },
  "configs": {
    "b4bqa": {
      "task": "b4bqa",
      "dataset_path": "AIM-Harvard/b4b_drug_qa",
      "test_split": "test",
      "doc_to_text": "<function process_cd at 0x7f1be7abc1f0>",
      "doc_to_target": "correct_choice",
      "doc_to_choice": [
        "A",
        "B",
        "C",
        "D"
      ],
      "description": "",
      "target_delimiter": " ",
      "fewshot_delimiter": "\n\n",
      "metric_list": [
        {
          "metric": "acc",
          "aggregation": "mean",
          "higher_is_better": true
        },
        {
          "metric": "acc_norm",
          "aggregation": "mean",
          "higher_is_better": true
        }
      ],
      "output_type": "multiple_choice",
      "repeats": 1,
      "should_decontaminate": false
    },
    "medmcqa_b2g": {
      "task": "medmcqa_b2g",
      "dataset_path": "AIM-Harvard/medmcqa_brand_to_generic",
      "training_split": "train",
      "validation_split": "validation",
      "test_split": "validation",
      "doc_to_text": "<function doc_to_text at 0x7f1be7a5cd30>",
      "doc_to_target": "cop",
      "doc_to_choice": [
        "A",
        "B",
        "C",
        "D"
      ],
      "description": "",
      "target_delimiter": " ",
      "fewshot_delimiter": "\n\n",
      "metric_list": [
        {
          "metric": "acc",
          "aggregation": "mean",
          "higher_is_better": true
        },
        {
          "metric": "acc_norm",
          "aggregation": "mean",
          "higher_is_better": true
        }
      ],
      "output_type": "multiple_choice",
      "repeats": 1,
      "should_decontaminate": true,
      "doc_to_decontamination_query": "{{question}}"
    },
    "medmcqa_g2b": {
      "task": "medmcqa_g2b",
      "dataset_path": "AIM-Harvard/medmcqa_generic_to_brand",
      "training_split": "train",
      "validation_split": "validation",
      "test_split": "validation",
      "doc_to_text": "<function doc_to_text at 0x7f1be7db2430>",
      "doc_to_target": "cop",
      "doc_to_choice": [
        "A",
        "B",
        "C",
        "D"
      ],
      "description": "",
      "target_delimiter": " ",
      "fewshot_delimiter": "\n\n",
      "metric_list": [
        {
          "metric": "acc",
          "aggregation": "mean",
          "higher_is_better": true
        },
        {
          "metric": "acc_norm",
          "aggregation": "mean",
          "higher_is_better": true
        }
      ],
      "output_type": "multiple_choice",
      "repeats": 1,
      "should_decontaminate": true,
      "doc_to_decontamination_query": "{{question}}"
    },
    "medmcqa_orig_filtered": {
      "task": "medmcqa_orig_filtered",
      "dataset_path": "AIM-Harvard/medmcqa_original",
      "training_split": "train",
      "validation_split": "validation",
      "test_split": "validation",
      "doc_to_text": "<function doc_to_text at 0x7f1be78aa5e0>",
      "doc_to_target": "cop",
      "doc_to_choice": [
        "A",
        "B",
        "C",
        "D"
      ],
      "description": "",
      "target_delimiter": " ",
      "fewshot_delimiter": "\n\n",
      "metric_list": [
        {
          "metric": "acc",
          "aggregation": "mean",
          "higher_is_better": true
        },
        {
          "metric": "acc_norm",
          "aggregation": "mean",
          "higher_is_better": true
        }
      ],
      "output_type": "multiple_choice",
      "repeats": 1,
      "should_decontaminate": true,
      "doc_to_decontamination_query": "{{question}}"
    },
    "medqa_4options_b2g": {
      "task": "medqa_4options_b2g",
      "dataset_path": "AIM-Harvard/gbaker_medqa_usmle_4_options_hf_brand_to_generic",
      "training_split": "train",
      "validation_split": "validation",
      "test_split": "test",
      "doc_to_text": "<function doc_to_text at 0x7f1be78aa820>",
      "doc_to_target": "<function doc_to_target at 0x7f1be78aab80>",
      "doc_to_choice": [
        "A",
        "B",
        "C",
        "D"
      ],
      "description": "",
      "target_delimiter": " ",
      "fewshot_delimiter": "\n\n",
      "metric_list": [
        {
          "metric": "acc",
          "aggregation": "mean",
          "higher_is_better": true
        },
        {
          "metric": "acc_norm",
          "aggregation": "mean",
          "higher_is_better": true
        }
      ],
      "output_type": "multiple_choice",
      "repeats": 1,
      "should_decontaminate": false
    },
    "medqa_4options_g2b": {
      "task": "medqa_4options_g2b",
      "dataset_path": "AIM-Harvard/gbaker_medqa_usmle_4_options_hf_generic_to_brand",
      "training_split": "train",
      "validation_split": "validation",
      "test_split": "test",
      "doc_to_text": "<function doc_to_text at 0x7f1be7db2af0>",
      "doc_to_target": "<function doc_to_target at 0x7f1be7db2e50>",
      "doc_to_choice": [
        "A",
        "B",
        "C",
        "D"
      ],
      "description": "",
      "target_delimiter": " ",
      "fewshot_delimiter": "\n\n",
      "metric_list": [
        {
          "metric": "acc",
          "aggregation": "mean",
          "higher_is_better": true
        },
        {
          "metric": "acc_norm",