{
  "results": {
    "b4b": {
      "acc,none": 0.30746619635508515,
      "acc_stderr,none": 0.0498449735626909,
      "acc_norm,none": 0.3201581027667984,
      "acc_norm_stderr,none": 0.0004927353811772211,
      "alias": "b4b"
    },
    "medmcqa_b2g": {
      "acc,none": 0.3134920634920635,
      "acc_stderr,none": 0.02068483514099741,
      "acc_norm,none": 0.3134920634920635,
      "acc_norm_stderr,none": 0.02068483514099741,
      "alias": " - medmcqa_b2g"
    },
    "medmcqa_g2b": {
      "acc,none": 0.30753968253968256,
      "acc_stderr,none": 0.020576146035931872,
      "acc_norm,none": 0.30753968253968256,
      "acc_norm_stderr,none": 0.020576146035931872,
      "alias": " - medmcqa_g2b"
    },
    "medmcqa_orig_filtered": {
      "acc,none": 0.3134920634920635,
      "acc_stderr,none": 0.020684835140997414,
      "acc_norm,none": 0.3134920634920635,
      "acc_norm_stderr,none": 0.020684835140997414,
      "alias": " - medmcqa_orig_filtered"
    },
    "medqa_4options_b2g": {
      "acc,none": 0.3248031496062992,
      "acc_stderr,none": 0.02079798880866757,
      "acc_norm,none": 0.3248031496062992,
      "acc_norm_stderr,none": 0.02079798880866757,
      "alias": " - medqa_4options_b2g"
    },
    "medqa_4options_g2b": {
      "acc,none": 0.33858267716535434,
      "acc_stderr,none": 0.02101677961586622,
      "acc_norm,none": 0.33858267716535434,
      "acc_norm_stderr,none": 0.02101677961586622,
      "alias": " - medqa_4options_g2b"
    },
    "medqa_4options_orig_filtered": {
      "acc,none": 0.3228346456692913,
      "acc_stderr,none": 0.020765072576379665,
      "acc_norm,none": 0.3228346456692913,
      "acc_norm_stderr,none": 0.020765072576379665,
      "alias": " - medqa_4options_orig_filtered"
    },
    "usmle_sa_step1_b2g": {
      "acc,none": 0.2916666666666667,
      "acc_stderr,none": 0.09477598811252415,
      "alias": " - usmle_sa_step1_b2g"
    },
    "usmle_sa_step1_g2b": {
      "acc,none": 0.3333333333333333,
      "acc_stderr,none": 0.0982946374365981,
      "alias": " - usmle_sa_step1_g2b"
    },
    "usmle_sa_step1_orig_filtered": {
      "acc,none": 0.2916666666666667,
      "acc_stderr,none": 0.09477598811252415,
      "alias": " - usmle_sa_step1_orig_filtered"
    },
    "usmle_sa_step2_b2g": {
      "acc,none": 0.16666666666666666,
      "acc_stderr,none": 0.05436067275445351,
      "alias": " - usmle_sa_step2_b2g"
    },
    "usmle_sa_step2_g2b": {
      "acc,none": 0.16666666666666666,
      "acc_stderr,none": 0.05436067275445351,
      "alias": " - usmle_sa_step2_g2b"
    },
    "usmle_sa_step2_orig_filtered": {
      "acc,none": 0.16666666666666666,
      "acc_stderr,none": 0.05436067275445351,
      "alias": " - usmle_sa_step2_orig_filtered"
    },
    "usmle_sa_step3_b2g": {
      "acc,none": 0.2,
      "acc_stderr,none": 0.057142857142857155,
      "alias": " - usmle_sa_step3_b2g"
    },
    "usmle_sa_step3_g2b": {
      "acc,none": 0.16,
      "acc_stderr,none": 0.052372293656638154,
      "alias": " - usmle_sa_step3_g2b"
    },
    "usmle_sa_step3_orig_filtered": {
      "acc,none": 0.2,
      "acc_stderr,none": 0.057142857142857155,
      "alias": " - usmle_sa_step3_orig_filtered"
    }
  },
  "groups": {
    "b4b": {
      "acc,none": 0.30746619635508515,
      "acc_stderr,none": 0.0498449735626909,
      "acc_norm,none": 0.3201581027667984,
      "acc_norm_stderr,none": 0.0004927353811772211,
      "alias": "b4b"
    }
  },
  "configs": {
    "medmcqa_b2g": {
      "task": "medmcqa_b2g",
      "dataset_path": "gallifantjack/medmcqa_brand_to_generic",
      "training_split": "train",
      "validation_split": "validation",
      "test_split": "validation",
      "doc_to_text": "<function doc_to_text at 0x7f1bb9c58d30>",
      "doc_to_target": "cop",
      "doc_to_choice": [
        "A",
        "B",
        "C",
        "D"
      ],
      "description": "",
      "target_delimiter": " ",
      "fewshot_delimiter": "\n\n",
      "metric_list": [
        {
          "metric": "acc",
          "aggregation": "mean",
          "higher_is_better": true
        },
        {
          "metric": "acc_norm",
          "aggregation": "mean",
          "higher_is_better": true
        }
      ],
      "output_type": "multiple_choice",
      "repeats": 1,
      "should_decontaminate": true,
      "doc_to_decontamination_query": "{{question}}"
    },
    "medmcqa_g2b": {
      "task": "medmcqa_g2b",
      "dataset_path": "gallifantjack/medmcqa_generic_to_brand",
      "training_split": "train",
      "validation_split": "validation",
      "test_split": "validation",
      "doc_to_text": "<function doc_to_text at 0x7f1bba1b1280>",
      "doc_to_target": "cop",
      "doc_to_choice": [
        "A",
        "B",
        "C",
        "D"
      ],
      "description": "",
      "target_delimiter": " ",
      "fewshot_delimiter": "\n\n",
      "metric_list": [
        {
          "metric": "acc",
          "aggregation": "mean",
          "higher_is_better": true
        },
        {
          "metric": "acc_norm",
          "aggregation": "mean",
          "higher_is_better": true
        }
      ],
      "output_type": "multiple_choice",
      "repeats": 1,
      "should_decontaminate": true,
      "doc_to_decontamination_query": "{{question}}"
    },
    "medmcqa_orig_filtered": {
      "task": "medmcqa_orig_filtered",
      "dataset_path": "gallifantjack/medmcqa_original",
      "training_split": "train",
      "validation_split": "validation",
      "test_split": "validation",
      "doc_to_text": "<function doc_to_text at 0x7f1bb9b058b0>",
      "doc_to_target": "cop",
      "doc_to_choice": [
        "A",
        "B",
        "C",
        "D"
      ],
      "description": "",
      "target_delimiter": " ",
      "fewshot_delimiter": "\n\n",
      "metric_list": [
        {
          "metric": "acc",
          "aggregation": "mean",
          "higher_is_better": true
        },
        {
          "metric": "acc_norm",
          "aggregation": "mean",
          "higher_is_better": true
        }
      ],
      "output_type": "multiple_choice",
      "repeats": 1,
      "should_decontaminate": true,
      "doc_to_decontamination_query": "{{question}}"
    },
    "medqa_4options_b2g": {
      "task": "medqa_4options_b2g",
      "dataset_path": "gallifantjack/gbaker_medqa_usmle_4_options_hf_brand_to_generic",
      "training_split": "train",
      "validation_split": "validation",
      "test_split": "test",
      "doc_to_text": "<function doc_to_text at 0x7f1bb9b05af0>",
      "doc_to_target": "<function doc_to_target at 0x7f1bb9b05e50>",
      "doc_to_choice": [
        "A",
        "B",
        "C",
        "D"
      ],
      "description": "",
      "target_delimiter": " ",
      "fewshot_delimiter": "\n\n",
      "metric_list": [
        {
          "metric": "acc",
          "aggregation": "mean",
          "higher_is_better": true
        },
        {
          "metric": "acc_norm",
          "aggregation": "mean",
          "higher_is_better": true
        }
      ],
      "output_type": "multiple_choice",
      "repeats": 1,
      "should_decontaminate": false
    },
    "medqa_4options_g2b": {
      "task": "medqa_4options_g2b",
      "dataset_path": "gallifantjack/gbaker_medqa_usmle_4_options_hf_generic_to_brand",
      "training_split": "train",
      "validation_split": "validation",
      "test_split": "test",
      "doc_to_text": "<function doc_to_text at 0x7f1bba1b1b80>",
      "doc_to_target": "<function doc_to_target at 0x7f1bba1b1ee0>",
      "doc_to_choice": [
        "A",
        "B",
        "C",
        "D"
      ],
      "description": "",
      "target_delimiter": " ",
      "fewshot_delimiter": "\n\n",
      "metric_list": [
        {
          "metric": "acc",
          "aggregation": "mean",
          "higher_is_better": true
        },
        {
          "metric": "acc_norm",
          "aggregation": "mean",
          "higher_is_better": true
        }
      ],