{
  "results": {
    "b4b": {
      "acc,none": 0.23956496178718398,
      "acc_stderr,none": 0.05259270721026236,
      "acc_norm,none": 0.25527009222661395,
      "acc_norm_stderr,none": 0.0005458917639204471,
      "alias": "b4b"
    },
    "medmcqa_b2g": {
      "acc,none": 0.2718253968253968,
      "acc_stderr,none": 0.01983712759311063,
      "acc_norm,none": 0.2718253968253968,
      "acc_norm_stderr,none": 0.01983712759311063,
      "alias": " - medmcqa_b2g"
    },
    "medmcqa_g2b": {
      "acc,none": 0.27380952380952384,
      "acc_stderr,none": 0.019882251217620307,
      "acc_norm,none": 0.27380952380952384,
      "acc_norm_stderr,none": 0.019882251217620307,
      "alias": " - medmcqa_g2b"
    },
    "medmcqa_orig_filtered": {
      "acc,none": 0.26785714285714285,
      "acc_stderr,none": 0.019745381918626657,
      "acc_norm,none": 0.26785714285714285,
      "acc_norm_stderr,none": 0.019745381918626657,
      "alias": " - medmcqa_orig_filtered"
    },
    "medqa_4options_b2g": {
      "acc,none": 0.234251968503937,
      "acc_stderr,none": 0.01880964458201463,
      "acc_norm,none": 0.234251968503937,
      "acc_norm_stderr,none": 0.01880964458201463,
      "alias": " - medqa_4options_b2g"
    },
    "medqa_4options_g2b": {
      "acc,none": 0.25,
      "acc_stderr,none": 0.019230769230769232,
      "acc_norm,none": 0.25,
      "acc_norm_stderr,none": 0.019230769230769232,
      "alias": " - medqa_4options_g2b"
    },
    "medqa_4options_orig_filtered": {
      "acc,none": 0.234251968503937,
      "acc_stderr,none": 0.01880964458201463,
      "acc_norm,none": 0.234251968503937,
      "acc_norm_stderr,none": 0.01880964458201463,
      "alias": " - medqa_4options_orig_filtered"
    },
    "usmle_sa_step1_b2g": {
      "acc,none": 0.08333333333333333,
      "acc_stderr,none": 0.05763033956734371,
      "alias": " - usmle_sa_step1_b2g"
    },
    "usmle_sa_step1_g2b": {
      "acc,none": 0.08333333333333333,
      "acc_stderr,none": 0.05763033956734371,
      "alias": " - usmle_sa_step1_g2b"
    },
    "usmle_sa_step1_orig_filtered": {
      "acc,none": 0.08333333333333333,
      "acc_stderr,none": 0.05763033956734371,
      "alias": " - usmle_sa_step1_orig_filtered"
    },
    "usmle_sa_step2_b2g": {
      "acc,none": 0.125,
      "acc_stderr,none": 0.04824031156174749,
      "alias": " - usmle_sa_step2_b2g"
    },
    "usmle_sa_step2_g2b": {
      "acc,none": 0.10416666666666667,
      "acc_stderr,none": 0.044558346215878473,
      "alias": " - usmle_sa_step2_g2b"
    },
    "usmle_sa_step2_orig_filtered": {
      "acc,none": 0.125,
      "acc_stderr,none": 0.04824031156174749,
      "alias": " - usmle_sa_step2_orig_filtered"
    },
    "usmle_sa_step3_b2g": {
      "acc,none": 0.1,
      "acc_stderr,none": 0.04285714285714285,
      "alias": " - usmle_sa_step3_b2g"
    },
    "usmle_sa_step3_g2b": {
      "acc,none": 0.14,
      "acc_stderr,none": 0.0495695759225642,
      "alias": " - usmle_sa_step3_g2b"
    },
    "usmle_sa_step3_orig_filtered": {
      "acc,none": 0.1,
      "acc_stderr,none": 0.04285714285714281,
      "alias": " - usmle_sa_step3_orig_filtered"
    }
  },
  "groups": {
    "b4b": {
      "acc,none": 0.23956496178718398,
      "acc_stderr,none": 0.05259270721026236,
      "acc_norm,none": 0.25527009222661395,
      "acc_norm_stderr,none": 0.0005458917639204471,
      "alias": "b4b"
    }
  },
  "configs": {
    "medmcqa_b2g": {
      "task": "medmcqa_b2g",
      "dataset_path": "gallifantjack/medmcqa_brand_to_generic",
      "training_split": "train",
      "validation_split": "validation",
      "test_split": "validation",
      "doc_to_text": "<function doc_to_text at 0x7f7690859ca0>",
      "doc_to_target": "cop",
      "doc_to_choice": [
        "A",
        "B",
        "C",
        "D"
      ],
      "description": "",
      "target_delimiter": " ",
      "fewshot_delimiter": "\n\n",
      "metric_list": [
        {
          "metric": "acc",
          "aggregation": "mean",
          "higher_is_better": true
        },
        {
          "metric": "acc_norm",
          "aggregation": "mean",
          "higher_is_better": true
        }
      ],
      "output_type": "multiple_choice",
      "repeats": 1,
      "should_decontaminate": true,
      "doc_to_decontamination_query": "{{question}}"
    },
    "medmcqa_g2b": {
      "task": "medmcqa_g2b",
      "dataset_path": "gallifantjack/medmcqa_generic_to_brand",
      "training_split": "train",
      "validation_split": "validation",
      "test_split": "validation",
      "doc_to_text": "<function doc_to_text at 0x7f7690ba4430>",
      "doc_to_target": "cop",
      "doc_to_choice": [
        "A",
        "B",
        "C",
        "D"
      ],
      "description": "",
      "target_delimiter": " ",
      "fewshot_delimiter": "\n\n",
      "metric_list": [
        {
          "metric": "acc",
          "aggregation": "mean",
          "higher_is_better": true
        },
        {
          "metric": "acc_norm",
          "aggregation": "mean",
          "higher_is_better": true
        }
      ],
      "output_type": "multiple_choice",
      "repeats": 1,
      "should_decontaminate": true,
      "doc_to_decontamination_query": "{{question}}"
    },
    "medmcqa_orig_filtered": {
      "task": "medmcqa_orig_filtered",
      "dataset_path": "gallifantjack/medmcqa_original",
      "training_split": "train",
      "validation_split": "validation",
      "test_split": "validation",
      "doc_to_text": "<function doc_to_text at 0x7f7690705820>",
      "doc_to_target": "cop",
      "doc_to_choice": [
        "A",
        "B",
        "C",
        "D"
      ],
      "description": "",
      "target_delimiter": " ",
      "fewshot_delimiter": "\n\n",
      "metric_list": [
        {
          "metric": "acc",
          "aggregation": "mean",
          "higher_is_better": true
        },
        {
          "metric": "acc_norm",
          "aggregation": "mean",
          "higher_is_better": true
        }
      ],
      "output_type": "multiple_choice",
      "repeats": 1,
      "should_decontaminate": true,
      "doc_to_decontamination_query": "{{question}}"
    },
    "medqa_4options_b2g": {
      "task": "medqa_4options_b2g",
      "dataset_path": "gallifantjack/gbaker_medqa_usmle_4_options_hf_brand_to_generic",
      "training_split": "train",
      "validation_split": "validation",
      "test_split": "test",
      "doc_to_text": "<function doc_to_text at 0x7f7690705a60>",
      "doc_to_target": "<function doc_to_target at 0x7f7690705dc0>",
      "doc_to_choice": [
        "A",
        "B",
        "C",
        "D"
      ],
      "description": "",
      "target_delimiter": " ",
      "fewshot_delimiter": "\n\n",
      "metric_list": [
        {
          "metric": "acc",
          "aggregation": "mean",
          "higher_is_better": true
        },
        {
          "metric": "acc_norm",
          "aggregation": "mean",
          "higher_is_better": true
        }
      ],
      "output_type": "multiple_choice",
      "repeats": 1,
      "should_decontaminate": false
    },
    "medqa_4options_g2b": {
      "task": "medqa_4options_g2b",
      "dataset_path": "gallifantjack/gbaker_medqa_usmle_4_options_hf_generic_to_brand",
      "training_split": "train",
      "validation_split": "validation",
      "test_split": "test",
      "doc_to_text": "<function doc_to_text at 0x7f7690ba4af0>",
      "doc_to_target": "<function doc_to_target at 0x7f7690ba4e50>",
      "doc_to_choice": [
        "A",
        "B",
        "C",
        "D"
      ],
      "description": "",
      "target_delimiter": " ",
      "fewshot_delimiter": "\n\n",
      "metric_list": [
        {
          "metric": "acc",
          "aggregation": "mean",
          "higher_is_better": true
        },
        {
          "metric": "acc_norm",
          "aggregation": "mean",
          "higher_is_better": true
        }
      ],
      "output_type": "multiple_choice",
      "repeats": 1,