{
  "results": {
    "b4b": {
      "acc,none": 0.6525607117095455,
      "acc_stderr,none": 0.06268658119118006,
      "acc_norm,none": 0.6525607117095455,
      "acc_norm_stderr,none": 0.06268658119118006,
      "alias": "b4b"
    },
    "b4bqa": {
      "acc,none": 0.69921875,
      "acc_stderr,none": 0.010836377349644846,
      "acc_norm,none": 0.69921875,
      "acc_norm_stderr,none": 0.010836377349644846,
      "alias": " - b4bqa"
    },
    "medmcqa_b2g": {
      "acc,none": 0.7241379310344828,
      "acc_stderr,none": 0.023993406146998363,
      "acc_norm,none": 0.7241379310344828,
      "acc_norm_stderr,none": 0.023993406146998363,
      "alias": " - medmcqa_b2g"
    },
    "medmcqa_g2b": {
      "acc,none": 0.6005747126436781,
      "acc_stderr,none": 0.02629278328664764,
      "acc_norm,none": 0.6005747126436781,
      "acc_norm_stderr,none": 0.02629278328664764,
      "alias": " - medmcqa_g2b"
    },
    "medmcqa_orig_filtered": {
      "acc,none": 0.7241379310344828,
      "acc_stderr,none": 0.023993406146998367,
      "acc_norm,none": 0.7241379310344828,
      "acc_norm_stderr,none": 0.023993406146998367,
      "alias": " - medmcqa_orig_filtered"
    },
    "medqa_4options_b2g": {
      "acc,none": 0.5827664399092971,
      "acc_stderr,none": 0.023507721962674557,
      "acc_norm,none": 0.5827664399092971,
      "acc_norm_stderr,none": 0.023507721962674557,
      "alias": " - medqa_4options_b2g"
    },
    "medqa_4options_g2b": {
      "acc,none": 0.5306122448979592,
      "acc_stderr,none": 0.023791847842863624,
      "acc_norm,none": 0.5306122448979592,
      "acc_norm_stderr,none": 0.023791847842863624,
      "alias": " - medqa_4options_g2b"
    },
    "medqa_4options_orig_filtered": {
      "acc,none": 0.5827664399092971,
      "acc_stderr,none": 0.02350772196267456,
      "acc_norm,none": 0.5827664399092971,
      "acc_norm_stderr,none": 0.02350772196267456,
      "alias": " - medqa_4options_orig_filtered"
    }
  },
  "groups": {
    "b4b": {
      "acc,none": 0.6525607117095455,
      "acc_stderr,none": 0.06268658119118006,
      "acc_norm,none": 0.6525607117095455,
      "acc_norm_stderr,none": 0.06268658119118006,
      "alias": "b4b"
    }
  },
  "configs": {
    "b4bqa": {
      "task": "b4bqa",
      "dataset_path": "AIM-Harvard/b4b_drug_qa",
      "test_split": "test",
      "doc_to_text": "<function process_cd at 0x7f4fec85dee0>",
      "doc_to_target": "correct_choice",
      "doc_to_choice": [
        "A",
        "B",
        "C",
        "D"
      ],
      "description": "",
      "target_delimiter": " ",
      "fewshot_delimiter": "\n\n",
      "metric_list": [
        {
          "metric": "acc",
          "aggregation": "mean",
          "higher_is_better": true
        },
        {
          "metric": "acc_norm",
          "aggregation": "mean",
          "higher_is_better": true
        }
      ],
      "output_type": "multiple_choice",
      "repeats": 1,
      "should_decontaminate": false
    },
    "medmcqa_b2g": {
      "task": "medmcqa_b2g",
      "dataset_path": "AIM-Harvard/medmcqa_brand_to_generic",
      "training_split": "train",
      "validation_split": "validation",
      "test_split": "validation",
      "doc_to_text": "<function doc_to_text at 0x7f4fec87fa60>",
      "doc_to_target": "cop",
      "doc_to_choice": [
        "A",
        "B",
        "C",
        "D"
      ],
      "description": "",
      "target_delimiter": " ",
      "fewshot_delimiter": "\n\n",
      "metric_list": [
        {
          "metric": "acc",
          "aggregation": "mean",
          "higher_is_better": true
        },
        {
          "metric": "acc_norm",
          "aggregation": "mean",
          "higher_is_better": true
        }
      ],
      "output_type": "multiple_choice",
      "repeats": 1,
      "should_decontaminate": true,
      "doc_to_decontamination_query": "{{question}}"
    },
    "medmcqa_g2b": {
      "task": "medmcqa_g2b",
      "dataset_path": "AIM-Harvard/medmcqa_generic_to_brand",
      "training_split": "train",
      "validation_split": "validation",
      "test_split": "validation",
      "doc_to_text": "<function doc_to_text at 0x7f4fecd9f3a0>",
      "doc_to_target": "cop",
      "doc_to_choice": [
        "A",
        "B",
        "C",
        "D"
      ],
      "description": "",
      "target_delimiter": " ",
      "fewshot_delimiter": "\n\n",
      "metric_list": [
        {
          "metric": "acc",
          "aggregation": "mean",
          "higher_is_better": true
        },
        {
          "metric": "acc_norm",
          "aggregation": "mean",
          "higher_is_better": true
        }
      ],
      "output_type": "multiple_choice",
      "repeats": 1,
      "should_decontaminate": true,
      "doc_to_decontamination_query": "{{question}}"
    },
    "medmcqa_orig_filtered": {
      "task": "medmcqa_orig_filtered",
      "dataset_path": "AIM-Harvard/medmcqa_original",
      "training_split": "train",
      "validation_split": "validation",
      "test_split": "validation",
      "doc_to_text": "<function doc_to_text at 0x7f4fec6c8310>",
      "doc_to_target": "cop",
      "doc_to_choice": [
        "A",
        "B",
        "C",
        "D"
      ],
      "description": "",
      "target_delimiter": " ",
      "fewshot_delimiter": "\n\n",
      "metric_list": [
        {
          "metric": "acc",
          "aggregation": "mean",
          "higher_is_better": true
        },
        {
          "metric": "acc_norm",
          "aggregation": "mean",
          "higher_is_better": true
        }
      ],
      "output_type": "multiple_choice",
      "repeats": 1,
      "should_decontaminate": true,
      "doc_to_decontamination_query": "{{question}}"
    },
    "medqa_4options_b2g": {
      "task": "medqa_4options_b2g",
      "dataset_path": "AIM-Harvard/gbaker_medqa_usmle_4_options_hf_brand_to_generic",
      "training_split": "train",
      "validation_split": "validation",
      "test_split": "test",
      "doc_to_text": "<function doc_to_text at 0x7f4fec6c8550>",
      "doc_to_target": "<function doc_to_target at 0x7f4fec6c88b0>",
      "doc_to_choice": [
        "A",
        "B",
        "C",
        "D"
      ],
      "description": "",
      "target_delimiter": " ",
      "fewshot_delimiter": "\n\n",
      "metric_list": [
        {
          "metric": "acc",
          "aggregation": "mean",
          "higher_is_better": true
        },
        {
          "metric": "acc_norm",
          "aggregation": "mean",
          "higher_is_better": true
        }
      ],
      "output_type": "multiple_choice",
      "repeats": 1,
      "should_decontaminate": false
    },
    "medqa_4options_g2b": {
      "task": "medqa_4options_g2b",
      "dataset_path": "AIM-Harvard/gbaker_medqa_usmle_4_options_hf_generic_to_brand",
      "training_split": "train",
      "validation_split": "validation",
      "test_split": "test",
      "doc_to_text": "<function doc_to_text at 0x7f4fecd9f820>",
      "doc_to_target": "<function doc_to_target at 0x7f4fecd9fb80>",
      "doc_to_choice": [
        "A",
        "B",
        "C",
        "D"
      ],
      "description": "",
      "target_delimiter": " ",
      "fewshot_delimiter": "\n\n",
      "metric_list": [
        {
          "metric": "acc",
          "aggregation": "mean",
          "higher_is_better": true
        },
        {
          "metric": "acc_norm",
          "aggregation": "mean",
          "higher_is_better": true
        }
      ],
      "output_type": "multiple_choice",
      "repeats": 1,
      "should_decontaminate": false
    },
    "medqa_4options_orig_filtered": {
      "task": "medqa_4options_orig_filtered",
      "dataset_path": "AIM-Harvard/gbaker_medqa_usmle_4_options_hf_original",
      "training_split": "train",
      "validation_split": "validation",
      "test_split": "test",
      "doc_to_text": "<function doc_to_text at 0x7f4fec87f4c0>",