{
  "results": {
    "b4b": {
      "acc,none": 0.5611405055849499,
      "acc_stderr,none": 0.05412157259482533,
      "acc_norm,none": 0.5652173913043478,
      "acc_norm_stderr,none": 0.0018222290052427675,
      "alias": "b4b"
    },
    "medmcqa_b2g": {
      "acc,none": 0.6309523809523809,
      "acc_stderr,none": 0.02151570113830742,
      "acc_norm,none": 0.6309523809523809,
      "acc_norm_stderr,none": 0.02151570113830742,
      "alias": " - medmcqa_b2g"
    },
    "medmcqa_g2b": {
      "acc,none": 0.501984126984127,
      "acc_stderr,none": 0.022293722571246788,
      "acc_norm,none": 0.501984126984127,
      "acc_norm_stderr,none": 0.022293722571246788,
      "alias": " - medmcqa_g2b"
    },
    "medmcqa_orig_filtered": {
      "acc,none": 0.6388888888888888,
      "acc_stderr,none": 0.021416529751730983,
      "acc_norm,none": 0.6388888888888888,
      "acc_norm_stderr,none": 0.021416529751730983,
      "alias": " - medmcqa_orig_filtered"
    },
    "medqa_4options_b2g": {
      "acc,none": 0.562992125984252,
      "acc_stderr,none": 0.022028849296085076,
      "acc_norm,none": 0.562992125984252,
      "acc_norm_stderr,none": 0.022028849296085076,
      "alias": " - medqa_4options_b2g"
    },
    "medqa_4options_g2b": {
      "acc,none": 0.4940944881889764,
      "acc_stderr,none": 0.022204230673972456,
      "acc_norm,none": 0.4940944881889764,
      "acc_norm_stderr,none": 0.022204230673972456,
      "alias": " - medqa_4options_g2b"
    },
    "medqa_4options_orig_filtered": {
      "acc,none": 0.562992125984252,
      "acc_stderr,none": 0.02202884929608508,
      "acc_norm,none": 0.562992125984252,
      "acc_norm_stderr,none": 0.02202884929608508,
      "alias": " - medqa_4options_orig_filtered"
    },
    "usmle_sa_step1_b2g": {
      "acc,none": 0.4166666666666667,
      "acc_stderr,none": 0.10279899245732686,
      "alias": " - usmle_sa_step1_b2g"
    },
    "usmle_sa_step1_g2b": {
      "acc,none": 0.4583333333333333,
      "acc_stderr,none": 0.10389457216622949,
      "alias": " - usmle_sa_step1_g2b"
    },
    "usmle_sa_step1_orig_filtered": {
      "acc,none": 0.4166666666666667,
      "acc_stderr,none": 0.10279899245732686,
      "alias": " - usmle_sa_step1_orig_filtered"
    },
    "usmle_sa_step2_b2g": {
      "acc,none": 0.5416666666666666,
      "acc_stderr,none": 0.07267881673425385,
      "alias": " - usmle_sa_step2_b2g"
    },
    "usmle_sa_step2_g2b": {
      "acc,none": 0.4583333333333333,
      "acc_stderr,none": 0.07267881673425386,
      "alias": " - usmle_sa_step2_g2b"
    },
    "usmle_sa_step2_orig_filtered": {
      "acc,none": 0.5416666666666666,
      "acc_stderr,none": 0.07267881673425385,
      "alias": " - usmle_sa_step2_orig_filtered"
    },
    "usmle_sa_step3_b2g": {
      "acc,none": 0.62,
      "acc_stderr,none": 0.06934092056863767,
      "alias": " - usmle_sa_step3_b2g"
    },
    "usmle_sa_step3_g2b": {
      "acc,none": 0.52,
      "acc_stderr,none": 0.0713714056959817,
      "alias": " - usmle_sa_step3_g2b"
    },
    "usmle_sa_step3_orig_filtered": {
      "acc,none": 0.62,
      "acc_stderr,none": 0.06934092056863767,
      "alias": " - usmle_sa_step3_orig_filtered"
    }
  },
  "groups": {
    "b4b": {
      "acc,none": 0.5611405055849499,
      "acc_stderr,none": 0.05412157259482533,
      "acc_norm,none": 0.5652173913043478,
      "acc_norm_stderr,none": 0.0018222290052427675,
      "alias": "b4b"
    }
  },
  "configs": {
    "medmcqa_b2g": {
      "task": "medmcqa_b2g",
      "dataset_path": "gallifantjack/medmcqa_brand_to_generic",
      "training_split": "train",
      "validation_split": "validation",
      "test_split": "validation",
      "doc_to_text": "<function doc_to_text at 0x7f853a65eca0>",
      "doc_to_target": "cop",
      "doc_to_choice": [
        "A",
        "B",
        "C",
        "D"
      ],
      "description": "",
      "target_delimiter": " ",
      "fewshot_delimiter": "\n\n",
      "metric_list": [
        {
          "metric": "acc",
          "aggregation": "mean",
          "higher_is_better": true
        },
        {
          "metric": "acc_norm",
          "aggregation": "mean",
          "higher_is_better": true
        }
      ],
      "output_type": "multiple_choice",
      "repeats": 1,
      "should_decontaminate": true,
      "doc_to_decontamination_query": "{{question}}"
    },
    "medmcqa_g2b": {
      "task": "medmcqa_g2b",
      "dataset_path": "gallifantjack/medmcqa_generic_to_brand",
      "training_split": "train",
      "validation_split": "validation",
      "test_split": "validation",
      "doc_to_text": "<function doc_to_text at 0x7f853aa16430>",
      "doc_to_target": "cop",
      "doc_to_choice": [
        "A",
        "B",
        "C",
        "D"
      ],
      "description": "",
      "target_delimiter": " ",
      "fewshot_delimiter": "\n\n",
      "metric_list": [
        {
          "metric": "acc",
          "aggregation": "mean",
          "higher_is_better": true
        },
        {
          "metric": "acc_norm",
          "aggregation": "mean",
          "higher_is_better": true
        }
      ],
      "output_type": "multiple_choice",
      "repeats": 1,
      "should_decontaminate": true,
      "doc_to_decontamination_query": "{{question}}"
    },
    "medmcqa_orig_filtered": {
      "task": "medmcqa_orig_filtered",
      "dataset_path": "gallifantjack/medmcqa_original",
      "training_split": "train",
      "validation_split": "validation",
      "test_split": "validation",
      "doc_to_text": "<function doc_to_text at 0x7f853a505820>",
      "doc_to_target": "cop",
      "doc_to_choice": [
        "A",
        "B",
        "C",
        "D"
      ],
      "description": "",
      "target_delimiter": " ",
      "fewshot_delimiter": "\n\n",
      "metric_list": [
        {
          "metric": "acc",
          "aggregation": "mean",
          "higher_is_better": true
        },
        {
          "metric": "acc_norm",
          "aggregation": "mean",
          "higher_is_better": true
        }
      ],
      "output_type": "multiple_choice",
      "repeats": 1,
      "should_decontaminate": true,
      "doc_to_decontamination_query": "{{question}}"
    },
    "medqa_4options_b2g": {
      "task": "medqa_4options_b2g",
      "dataset_path": "gallifantjack/gbaker_medqa_usmle_4_options_hf_brand_to_generic",
      "training_split": "train",
      "validation_split": "validation",
      "test_split": "test",
      "doc_to_text": "<function doc_to_text at 0x7f853a505a60>",
      "doc_to_target": "<function doc_to_target at 0x7f853a505dc0>",
      "doc_to_choice": [
        "A",
        "B",
        "C",
        "D"
      ],
      "description": "",
      "target_delimiter": " ",
      "fewshot_delimiter": "\n\n",
      "metric_list": [
        {
          "metric": "acc",
          "aggregation": "mean",
          "higher_is_better": true
        },
        {
          "metric": "acc_norm",
          "aggregation": "mean",
          "higher_is_better": true
        }
      ],
      "output_type": "multiple_choice",
      "repeats": 1,
      "should_decontaminate": false
    },
    "medqa_4options_g2b": {
      "task": "medqa_4options_g2b",
      "dataset_path": "gallifantjack/gbaker_medqa_usmle_4_options_hf_generic_to_brand",
      "training_split": "train",
      "validation_split": "validation",
      "test_split": "test",
      "doc_to_text": "<function doc_to_text at 0x7f853aa16af0>",
      "doc_to_target": "<function doc_to_target at 0x7f853aa16e50>",
      "doc_to_choice": [
        "A",
        "B",
        "C",
        "D"
      ],
      "description": "",
      "target_delimiter": " ",
      "fewshot_delimiter": "\n\n",
      "metric_list": [
        {
          "metric": "acc",
          "aggregation": "mean",
          "higher_is_better": true
        },
        {
          "metric": "acc_norm",
          "aggregation": "mean",
          "higher_is_better": true
        }
      ],