{
  "results": {
    "b4b": {
      "acc,none": 0.487066431510876,
      "acc_stderr,none": 0.041481847889647254,
      "acc_norm,none": 0.4888010540184453,
      "acc_norm_stderr,none": 0.000981980762288106,
      "alias": "b4b"
    },
    "medmcqa_b2g": {
      "acc,none": 0.5277777777777778,
      "acc_stderr,none": 0.02225946735217718,
      "acc_norm,none": 0.5277777777777778,
      "acc_norm_stderr,none": 0.02225946735217718,
      "alias": " - medmcqa_b2g"
    },
    "medmcqa_g2b": {
      "acc,none": 0.4384920634920635,
      "acc_stderr,none": 0.02212456933105276,
      "acc_norm,none": 0.4384920634920635,
      "acc_norm_stderr,none": 0.02212456933105276,
      "alias": " - medmcqa_g2b"
    },
    "medmcqa_orig_filtered": {
      "acc,none": 0.5277777777777778,
      "acc_stderr,none": 0.02225946735217718,
      "acc_norm,none": 0.5277777777777778,
      "acc_norm_stderr,none": 0.02225946735217718,
      "alias": " - medmcqa_orig_filtered"
    },
    "medqa_4options_b2g": {
      "acc,none": 0.49606299212598426,
      "acc_stderr,none": 0.02220509119300217,
      "acc_norm,none": 0.49606299212598426,
      "acc_norm_stderr,none": 0.02220509119300217,
      "alias": " - medqa_4options_b2g"
    },
    "medqa_4options_g2b": {
      "acc,none": 0.4468503937007874,
      "acc_stderr,none": 0.02207996581150336,
      "acc_norm,none": 0.4468503937007874,
      "acc_norm_stderr,none": 0.02207996581150336,
      "alias": " - medqa_4options_g2b"
    },
    "medqa_4options_orig_filtered": {
      "acc,none": 0.49606299212598426,
      "acc_stderr,none": 0.02220509119300217,
      "acc_norm,none": 0.49606299212598426,
      "acc_norm_stderr,none": 0.02220509119300217,
      "alias": " - medqa_4options_orig_filtered"
    },
    "usmle_sa_step1_b2g": {
      "acc,none": 0.5416666666666666,
      "acc_stderr,none": 0.10389457216622949,
      "alias": " - usmle_sa_step1_b2g"
    },
    "usmle_sa_step1_g2b": {
      "acc,none": 0.5,
      "acc_stderr,none": 0.1042572070285374,
      "alias": " - usmle_sa_step1_g2b"
    },
    "usmle_sa_step1_orig_filtered": {
      "acc,none": 0.5416666666666666,
      "acc_stderr,none": 0.10389457216622949,
      "alias": " - usmle_sa_step1_orig_filtered"
    },
    "usmle_sa_step2_b2g": {
      "acc,none": 0.5,
      "acc_stderr,none": 0.07293249574894728,
      "alias": " - usmle_sa_step2_b2g"
    },
    "usmle_sa_step2_g2b": {
      "acc,none": 0.4583333333333333,
      "acc_stderr,none": 0.07267881673425386,
      "alias": " - usmle_sa_step2_g2b"
    },
    "usmle_sa_step2_orig_filtered": {
      "acc,none": 0.5,
      "acc_stderr,none": 0.07293249574894728,
      "alias": " - usmle_sa_step2_orig_filtered"
    },
    "usmle_sa_step3_b2g": {
      "acc,none": 0.44,
      "acc_stderr,none": 0.07091242083423345,
      "alias": " - usmle_sa_step3_b2g"
    },
    "usmle_sa_step3_g2b": {
      "acc,none": 0.42,
      "acc_stderr,none": 0.07050835816716035,
      "alias": " - usmle_sa_step3_g2b"
    },
    "usmle_sa_step3_orig_filtered": {
      "acc,none": 0.44,
      "acc_stderr,none": 0.07091242083423345,
      "alias": " - usmle_sa_step3_orig_filtered"
    }
  },
  "groups": {
    "b4b": {
      "acc,none": 0.487066431510876,
      "acc_stderr,none": 0.041481847889647254,
      "acc_norm,none": 0.4888010540184453,
      "acc_norm_stderr,none": 0.000981980762288106,
      "alias": "b4b"
    }
  },
  "configs": {
    "medmcqa_b2g": {
      "task": "medmcqa_b2g",
      "dataset_path": "gallifantjack/medmcqa_brand_to_generic",
      "training_split": "train",
      "validation_split": "validation",
      "test_split": "validation",
      "doc_to_text": "<function doc_to_text at 0x7efeb985ed30>",
      "doc_to_target": "cop",
      "doc_to_choice": [
        "A",
        "B",
        "C",
        "D"
      ],
      "description": "",
      "target_delimiter": " ",
      "fewshot_delimiter": "\n\n",
      "metric_list": [
        {
          "metric": "acc",
          "aggregation": "mean",
          "higher_is_better": true
        },
        {
          "metric": "acc_norm",
          "aggregation": "mean",
          "higher_is_better": true
        }
      ],
      "output_type": "multiple_choice",
      "repeats": 1,
      "should_decontaminate": true,
      "doc_to_decontamination_query": "{{question}}"
    },
    "medmcqa_g2b": {
      "task": "medmcqa_g2b",
      "dataset_path": "gallifantjack/medmcqa_generic_to_brand",
      "training_split": "train",
      "validation_split": "validation",
      "test_split": "validation",
      "doc_to_text": "<function doc_to_text at 0x7efeb9c0d280>",
      "doc_to_target": "cop",
      "doc_to_choice": [
        "A",
        "B",
        "C",
        "D"
      ],
      "description": "",
      "target_delimiter": " ",
      "fewshot_delimiter": "\n\n",
      "metric_list": [
        {
          "metric": "acc",
          "aggregation": "mean",
          "higher_is_better": true
        },
        {
          "metric": "acc_norm",
          "aggregation": "mean",
          "higher_is_better": true
        }
      ],
      "output_type": "multiple_choice",
      "repeats": 1,
      "should_decontaminate": true,
      "doc_to_decontamination_query": "{{question}}"
    },
    "medmcqa_orig_filtered": {
      "task": "medmcqa_orig_filtered",
      "dataset_path": "gallifantjack/medmcqa_original",
      "training_split": "train",
      "validation_split": "validation",
      "test_split": "validation",
      "doc_to_text": "<function doc_to_text at 0x7efeb97048b0>",
      "doc_to_target": "cop",
      "doc_to_choice": [
        "A",
        "B",
        "C",
        "D"
      ],
      "description": "",
      "target_delimiter": " ",
      "fewshot_delimiter": "\n\n",
      "metric_list": [
        {
          "metric": "acc",
          "aggregation": "mean",
          "higher_is_better": true
        },
        {
          "metric": "acc_norm",
          "aggregation": "mean",
          "higher_is_better": true
        }
      ],
      "output_type": "multiple_choice",
      "repeats": 1,
      "should_decontaminate": true,
      "doc_to_decontamination_query": "{{question}}"
    },
    "medqa_4options_b2g": {
      "task": "medqa_4options_b2g",
      "dataset_path": "gallifantjack/gbaker_medqa_usmle_4_options_hf_brand_to_generic",
      "training_split": "train",
      "validation_split": "validation",
      "test_split": "test",
      "doc_to_text": "<function doc_to_text at 0x7efeb9704af0>",
      "doc_to_target": "<function doc_to_target at 0x7efeb9704e50>",
      "doc_to_choice": [
        "A",
        "B",
        "C",
        "D"
      ],
      "description": "",
      "target_delimiter": " ",
      "fewshot_delimiter": "\n\n",
      "metric_list": [
        {
          "metric": "acc",
          "aggregation": "mean",
          "higher_is_better": true
        },
        {
          "metric": "acc_norm",
          "aggregation": "mean",
          "higher_is_better": true
        }
      ],
      "output_type": "multiple_choice",
      "repeats": 1,
      "should_decontaminate": false
    },
    "medqa_4options_g2b": {
      "task": "medqa_4options_g2b",
      "dataset_path": "gallifantjack/gbaker_medqa_usmle_4_options_hf_generic_to_brand",
      "training_split": "train",
      "validation_split": "validation",
      "test_split": "test",
      "doc_to_text": "<function doc_to_text at 0x7efeb9c0db80>",
      "doc_to_target": "<function doc_to_target at 0x7efeb9c0dee0>",
      "doc_to_choice": [
        "A",
        "B",
        "C",
        "D"
      ],
      "description": "",
      "target_delimiter": " ",
      "fewshot_delimiter": "\n\n",
      "metric_list": [
        {
          "metric": "acc",
          "aggregation": "mean",
          "higher_is_better": true
        },
        {
          "metric": "acc_norm",
          "aggregation": "mean",
          "higher_is_better": true
        }
      ],
      "output_type": "multiple_choice",
      "repeats": 1,