{
  "results": {
    "b4b": {
      "acc,none": 0.7471977582065653,
      "acc_stderr,none": 0.11628576396665698,
      "acc_norm,none": 0.7442004971002486,
      "acc_norm_stderr,none": 0.013643143960087789,
      "alias": "b4b"
    },
    "b4bqa": {
      "acc,none": 0.9146205357142857,
      "acc_stderr,none": 0.0066031231026764505,
      "acc_norm,none": 0.9146205357142857,
      "acc_norm_stderr,none": 0.0066031231026764505,
      "alias": " - b4bqa"
    },
    "medmcqa_b2g": {
      "acc,none": 0.7123015873015873,
      "acc_stderr,none": 0.020184439611834484,
      "acc_norm,none": 0.7123015873015873,
      "acc_norm_stderr,none": 0.020184439611834484,
      "alias": " - medmcqa_b2g"
    },
    "medmcqa_g2b": {
      "acc,none": 0.5873015873015873,
      "acc_stderr,none": 0.02195143894324868,
      "acc_norm,none": 0.5873015873015873,
      "acc_norm_stderr,none": 0.02195143894324868,
      "alias": " - medmcqa_g2b"
    },
    "medmcqa_orig_filtered": {
      "acc,none": 0.7142857142857143,
      "acc_stderr,none": 0.02014271312297313,
      "acc_norm,none": 0.7142857142857143,
      "acc_norm_stderr,none": 0.02014271312297313,
      "alias": " - medmcqa_orig_filtered"
    },
    "medqa_4options_b2g": {
      "acc,none": 0.6338582677165354,
      "acc_stderr,none": 0.021395218002640975,
      "acc_norm,none": 0.6338582677165354,
      "acc_norm_stderr,none": 0.021395218002640975,
      "alias": " - medqa_4options_b2g"
    },
    "medqa_4options_g2b": {
      "acc,none": 0.5807086614173228,
      "acc_stderr,none": 0.021914578288494874,
      "acc_norm,none": 0.5807086614173228,
      "acc_norm_stderr,none": 0.021914578288494874,
      "alias": " - medqa_4options_g2b"
    },
    "medqa_4options_orig_filtered": {
      "acc,none": 0.6338582677165354,
      "acc_stderr,none": 0.021395218002640985,
      "acc_norm,none": 0.6338582677165354,
      "acc_norm_stderr,none": 0.021395218002640985,
      "alias": " - medqa_4options_orig_filtered"
    },
    "mmlu_professional_medicine_b2g": {
      "acc,none": 0.8392857142857143,
      "acc_stderr,none": 0.04952230059306299,
      "alias": " - mmlu_professional_medicine_b2g"
    },
    "mmlu_professional_medicine_g2b": {
      "acc,none": 0.8214285714285714,
      "acc_stderr,none": 0.05164277182008721,
      "alias": " - mmlu_professional_medicine_g2b"
    },
    "mmlu_professional_medicine_orig_filtered": {
      "acc,none": 0.8392857142857143,
      "acc_stderr,none": 0.04952230059306297,
      "alias": " - mmlu_professional_medicine_orig_filtered"
    }
  },
  "groups": {
    "b4b": {
      "acc,none": 0.7471977582065653,
      "acc_stderr,none": 0.11628576396665698,
      "acc_norm,none": 0.7442004971002486,
      "acc_norm_stderr,none": 0.013643143960087789,
      "alias": "b4b"
    }
  },
  "configs": {
    "b4bqa": {
      "task": "b4bqa",
      "dataset_path": "AIM-Harvard/b4b_drug_qa",
      "test_split": "test",
      "doc_to_text": "<function process_cd at 0x7f15eac52f80>",
      "doc_to_target": "correct_choice",
      "doc_to_choice": [
        "A",
        "B",
        "C",
        "D"
      ],
      "description": "",
      "target_delimiter": " ",
      "fewshot_delimiter": "\n\n",
      "metric_list": [
        {
          "metric": "acc",
          "aggregation": "mean",
          "higher_is_better": true
        },
        {
          "metric": "acc_norm",
          "aggregation": "mean",
          "higher_is_better": true
        }
      ],
      "output_type": "multiple_choice",
      "repeats": 1,
      "should_decontaminate": false
    },
    "medmcqa_b2g": {
      "task": "medmcqa_b2g",
      "dataset_path": "AIM-Harvard/medmcqa_brand_to_generic",
      "training_split": "train",
      "validation_split": "validation",
      "test_split": "validation",
      "doc_to_text": "<function doc_to_text at 0x7f15e91b2290>",
      "doc_to_target": "cop",
      "doc_to_choice": [
        "A",
        "B",
        "C",
        "D"
      ],
      "description": "",
      "target_delimiter": " ",
      "fewshot_delimiter": "\n\n",
      "metric_list": [
        {
          "metric": "acc",
          "aggregation": "mean",
          "higher_is_better": true
        },
        {
          "metric": "acc_norm",
          "aggregation": "mean",
          "higher_is_better": true
        }
      ],
      "output_type": "multiple_choice",
      "repeats": 1,
      "should_decontaminate": true,
      "doc_to_decontamination_query": "{{question}}"
    },
    "medmcqa_g2b": {
      "task": "medmcqa_g2b",
      "dataset_path": "AIM-Harvard/medmcqa_generic_to_brand",
      "training_split": "train",
      "validation_split": "validation",
      "test_split": "validation",
      "doc_to_text": "<function doc_to_text at 0x7f15e91b2440>",
      "doc_to_target": "cop",
      "doc_to_choice": [
        "A",
        "B",
        "C",
        "D"
      ],
      "description": "",
      "target_delimiter": " ",
      "fewshot_delimiter": "\n\n",
      "metric_list": [
        {
          "metric": "acc",
          "aggregation": "mean",
          "higher_is_better": true
        },
        {
          "metric": "acc_norm",
          "aggregation": "mean",
          "higher_is_better": true
        }
      ],
      "output_type": "multiple_choice",
      "repeats": 1,
      "should_decontaminate": true,
      "doc_to_decontamination_query": "{{question}}"
    },
    "medmcqa_orig_filtered": {
      "task": "medmcqa_orig_filtered",
      "dataset_path": "AIM-Harvard/medmcqa_original",
      "training_split": "train",
      "validation_split": "validation",
      "test_split": "validation",
      "doc_to_text": "<function doc_to_text at 0x7f15e91b25f0>",
      "doc_to_target": "cop",
      "doc_to_choice": [
        "A",
        "B",
        "C",
        "D"
      ],
      "description": "",
      "target_delimiter": " ",
      "fewshot_delimiter": "\n\n",
      "metric_list": [
        {
          "metric": "acc",
          "aggregation": "mean",
          "higher_is_better": true
        },
        {
          "metric": "acc_norm",
          "aggregation": "mean",
          "higher_is_better": true
        }
      ],
      "output_type": "multiple_choice",
      "repeats": 1,
      "should_decontaminate": true,
      "doc_to_decontamination_query": "{{question}}"
    },
    "medqa_4options_b2g": {
      "task": "medqa_4options_b2g",
      "dataset_path": "AIM-Harvard/gbaker_medqa_usmle_4_options_hf_brand_to_generic",
      "training_split": "train",
      "validation_split": "validation",
      "test_split": "test",
      "doc_to_text": "<function doc_to_text at 0x7f15e91d9090>",
      "doc_to_target": "<function doc_to_target at 0x7f15e91d93f0>",
      "doc_to_choice": [
        "A",
        "B",
        "C",
        "D"
      ],
      "description": "",
      "target_delimiter": " ",
      "fewshot_delimiter": "\n\n",
      "metric_list": [
        {
          "metric": "acc",
          "aggregation": "mean",
          "higher_is_better": true
        },
        {
          "metric": "acc_norm",
          "aggregation": "mean",
          "higher_is_better": true
        }
      ],
      "output_type": "multiple_choice",
      "repeats": 1,
      "should_decontaminate": false
    },
    "medqa_4options_g2b": {
      "task": "medqa_4options_g2b",
      "dataset_path": "AIM-Harvard/gbaker_medqa_usmle_4_options_hf_generic_to_brand",
      "training_split": "train",
      "validation_split": "validation",
      "test_split": "test",
      "doc_to_text": "<function doc_to_text at 0x7f15e91d9630>",
      "doc_to_target": "<function doc_to_target at 0x7f15e91d9990>",
      "doc_to_choice": [
        "A",
        "B",
        "C",
        "D"
      ],
      "description": "",
      "target_delimiter": " ",
      "fewshot_delimiter": "\n\n",
      "metric_list": [
        {
          "metric": "acc",
          "aggregation": "mean",